first_name,last_name,email,phone,city,country,date_of_birth
Nora,Dekker,nora.dekker87@kpn.nl,0669847212,Haarlem,The Netherlands,1974-03-18
Levi,de Groot,levi.degroot62@yahoo.com,0686307047,Haarlem,The Netherlands,1994-08-10
Aiden,Hendriks,aiden.hendriks15@ziggo.nl,0652549479,Haarlem,The Netherlands,1962-10-18
Mason,van Leeuwen,mason.vanleeuwen89@hotmail.com,,Eindhoven,nl,1986-05-07
Sophia,Jansen,,0620517177,Eindhoven,nederland,1990-01-07
Levi,Bos,levi.bos49@yahoo.com,0636732469,Breda,Netherlands,1995-01-18
Laura,Jansen,laura.jansen54@yahoo.com,0653960428,Eindhoven,The Netherlands,1962-02-06
Evelyn,Dekker,evelyn.dekker54@ziggo.nl,0673778305,Tilburg,NL,1988-09-18
James,van Leeuwen,james.vanleeuwen88@kpn.nl,0678085164,Utrecht,NETHERLANDS,1961-05-10
Ethan,Peters,ethan.peters65@outlook.com,0611849523,Nijmegen,NETHERLANDS,1987-04-18
Julia,Meijer,julia.meijer48@gmail.com,0630149515,Nijmegen,nederland,1996-07-16
Amelia,Mulder,,0626868720,Den Haag,nederland,1984-05-17
Mia,van Dijk,mia.vandijk62@ziggo.nl,0678601965,Eindhoven,nederland,1960-06-17
Evelyn,van den Berg,evelyn.vandenberg24@yahoo.com,0632511191,Breda,Netherlands,1964-04-04
James,Dekker,james.dekker57@kpn.nl,0624417672,Haarlem,NL,1979-10-10
Laura,Bos,laura.bos25@outlook.com,0676001616,Nijmegen,The Netherlands,1999-08-01
Evelyn,van den Berg,evelyn.vandenberg80@hotmail.com,0679967190,Breda,nl,2003-12-19
Sem,Visser,sem.visser56@yahoo.com,0668294681,Groningen,Netherlands,1980-12-28
Sem,van den Berg,sem.vandenberg31@ziggo.nl,0692339202,Breda,nl,1976-07-19
Emma,Peters,emma.peters59@kpn.nl,0617415338,Nijmegen,Netherlands,1973-01-18
Daan,Peeters,daan.peeters22@ziggo.nl,0682644498,Rotterdam,NLD,1997-02-14
Mia,Bos,mia.bos26@yahoo.com,0631639660,Den Haag,NL,1989-03-09
Emma,Dijkstra,emma.dijkstra13@hotmail.com,0665843500,Rotterdam,NLD,1960-07-15
Emma,Visser,emma.visser2@gmail.com,0624076568,Den Haag,nederland,1968-04-19
Sem,Hendriks,,0698743570,Eindhoven,nederland,2001-03-28
Isabella,Dekker,isabella.dekker93@kpn.nl,0699712484,Eindhoven,The Netherlands,1987-11-25
Oliver,Smit,oliver.smit63@ziggo.nl,0658564793,Breda,NL,1964-06-10
Liam,Vos,liam.vos71@hotmail.com,0686634871,Amsterdam,The Netherlands,1996-05-20
Olivia,Vos,olivia.vos31@ziggo.nl,0642953581,Groningen,nl,1967-07-01
Lucas,Bakker,lucas.bakker11@hotmail.com,0686545625,Rotterdam,NETHERLANDS,1960-10-27
Ava,de Groot,ava.degroot30@gmail.com,0632473842,Tilburg,The Netherlands,1973-09-28
Harper,Mulder,harper.mulder1@kpn.nl,0675279839,Tilburg,NL,1970-09-21
Emma,Mulder,emma.mulder94@yahoo.com,0617374766,Nijmegen,NLD,1984-04-25
Lucas,Peeters,,0654236909,Utrecht,nederland,1974-07-02
Nora,Brouwer,nora.brouwer63@ziggo.nl,0682570051,Eindhoven,NLD,1973-04-05
Sophia,de Groot,sophia.degroot80@outlook.com,0647359886,Haarlem,The Netherlands,1978-09-09
Olivia,Visser,olivia.visser3@ziggo.nl,0680106856,Groningen,The Netherlands,1960-06-14
Amelia,Bakker,amelia.bakker65@hotmail.com,0670373841,Rotterdam,Netherlands,1980-02-17
Lisa,van Leeuwen,lisa.vanleeuwen50@outlook.com,0697959600,Haarlem,nederland,1989-01-24
Ethan,Jansen,ethan.jansen54@yahoo.com,0614766507,Utrecht,NLD,1961-12-02
Ava,Peeters,ava.peeters76@ziggo.nl,0683556646,Tilburg,NETHERLANDS,1972-11-16
Aiden,Brouwer,,0683812122,Haarlem,NLD,1976-01-15
Oliver,Brouwer,oliver.brouwer70@kpn.nl,0655399594,Breda,NETHERLANDS,1973-03-24
Daan,Hendriks,daan.hendriks29@hotmail.com,0667599196,Utrecht,The Netherlands,1987-05-13
Evelyn,Jansen,,0667607845,Nijmegen,NETHERLANDS,1990-12-16
Ethan,Hendriks,ethan.hendriks7@yahoo.com,0689337700,Amsterdam,The Netherlands,1995-10-20
Sara,de Groot,,,Tilburg,NL,1996-07-22
Amelia,Vos,amelia.vos79@gmail.com,0645579142,Haarlem,NETHERLANDS,1983-08-02
Charlotte,de Groot,charlotte.degroot71@yahoo.com,0619115283,Haarlem,NETHERLANDS,1993-09-02
Ava,Brouwer,ava.brouwer17@gmail.com,0663109585,Groningen,NETHERLANDS,1992-07-24
Levi,Dekker,levi.dekker12@yahoo.com,0639300914,Utrecht,nl,2001-02-01
Finn,Meijer,finn.meijer61@hotmail.com,0678295518,Haarlem,The Netherlands,1997-11-23
Evelyn,Bos,evelyn.bos41@outlook.com,0675228009,Rotterdam,nl,1995-04-24
Mia,van den Berg,mia.vandenberg70@outlook.com,0646943848,Groningen,NL,1967-01-22
Ethan,Mulder,ethan.mulder81@gmail.com,0645097935,Breda,NLD,1995-09-07
Nora,de Boer,nora.deboer21@gmail.com,0638743019,Rotterdam,nederland,1993-10-25
Lucas,Jansen,lucas.jansen67@gmail.com,0652451386,Rotterdam,Netherlands,1971-05-26
Liam,Bos,liam.bos55@kpn.nl,0614580719,Groningen,NLD,1978-09-23
Charlotte,van den Berg,,0622631555,Utrecht,Netherlands,1970-08-27
Tim,Visser,tim.visser95@yahoo.com,0666864555,Den Haag,nederland,1996-02-18
Bram,Peeters,bram.peeters8@yahoo.com,0616894274,Groningen,NLD,1963-02-12
Emma,de Groot,emma.degroot78@hotmail.com,,Tilburg,nl,1997-07-13
Isabella,Jansen,isabella.jansen93@gmail.com,0634961687,Utrecht,NETHERLANDS,1966-10-07
Aiden,Bakker,aiden.bakker3@hotmail.com,0627273381,Eindhoven,Netherlands,1978-12-08
Tim,de Groot,tim.degroot66@hotmail.com,0621188978,Breda,NETHERLANDS,2001-10-10
Laura,Dijkstra,,0611494468,Groningen,nederland,1966-03-26
Levi,Peters,levi.peters90@yahoo.com,0683395295,Haarlem,nl,2001-11-28
Mason,Dekker,mason.dekker5@kpn.nl,0628280531,Rotterdam,NETHERLANDS,1997-01-03
Sophia,Vos,,0694664854,Rotterdam,nl,1984-08-24
James,de Vries,james.devries65@ziggo.nl,0665046763,Rotterdam,nl,1960-04-21
Liam,Meijer,liam.meijer81@kpn.nl,0610704193,Nijmegen,nederland,1985-11-07
Ava,Vos,ava.vos8@kpn.nl,0612714533,Haarlem,NL,1979-02-19
Aiden,de Vries,aiden.devries42@yahoo.com,0611578598,Eindhoven,nederland,1970-05-09
Evelyn,van Dijk,evelyn.vandijk45@outlook.com,0634028052,Breda,NETHERLANDS,2000-08-13
Sem,van Leeuwen,sem.vanleeuwen95@hotmail.com,0671619635,Utrecht,The Netherlands,1985-02-18
Charlotte,Peters,charlotte.peters91@kpn.nl,0658839785,Groningen,nl,1998-02-11
Bram,Dekker,bram.dekker99@kpn.nl,0644392946,Eindhoven,Netherlands,1983-06-17
Emma,Dekker,emma.dekker18@gmail.com,0624654662,Amsterdam,nl,1971-10-16
Mason,van den Berg,mason.vandenberg6@yahoo.com,0653463632,Haarlem,The Netherlands,1985-07-27
Lucas,Peeters,lucas.peeters88@ziggo.nl,0666651403,Groningen,nl,1975-12-18
Julia,Smit,julia.smit37@yahoo.com,0640030910,Nijmegen,NETHERLANDS,1985-01-03
Olivia,Vos,olivia.vos85@outlook.com,0656141569,Nijmegen,Netherlands,2000-11-09
Finn,Bos,finn.bos86@hotmail.com,0653384829,Breda,nederland,1979-07-18
Benjamin,de Groot,benjamin.degroot83@kpn.nl,0614359536,Tilburg,NLD,1980-07-04
Benjamin,Peters,benjamin.peters61@yahoo.com,0658988166,Breda,NL,1981-08-27
Sophia,van den Berg,sophia.vandenberg69@gmail.com,0671828187,Nijmegen,NL,1994-02-24
James,Peeters,,0666583646,Nijmegen,nederland,1998-09-23
Lucas,Bos,lucas.bos78@yahoo.com,0662882269,Tilburg,nl,1999-04-07
Ava,Peeters,ava.peeters14@yahoo.com,0650897750,Groningen,NL,1986-03-07
Lucas,Brouwer,lucas.brouwer98@kpn.nl,0673528226,Haarlem,nederland,1968-08-08
Noah,Jansen,noah.jansen77@ziggo.nl,0613794839,Den Haag,The Netherlands,1990-07-14
Finn,van Leeuwen,finn.vanleeuwen30@kpn.nl,0638940396,Haarlem,The Netherlands,1986-05-17
Benjamin,Bos,benjamin.bos79@kpn.nl,,Den Haag,NL,1996-12-14
Sara,de Groot,sara.degroot60@outlook.com,0653187952,Rotterdam,The Netherlands,1991-05-01
Noah,Peeters,,0637244891,Rotterdam,NETHERLANDS,2000-06-12
Aiden,Jansen,aiden.jansen36@hotmail.com,0692984039,Groningen,The Netherlands,1980-09-11
Finn,Mulder,finn.mulder43@gmail.com,0677136786,Utrecht,nl,1960-09-13
Nora,Bos,nora.bos17@gmail.com,0610715694,Eindhoven,NLD,1966-01-08
Bram,Brouwer,,0664272944,Breda,nl,1967-02-26
Lisa,Meijer,lisa.meijer96@hotmail.com,0696527903,Breda,nederland,1986-08-04
Laura,van Dijk,laura.vandijk90@hotmail.com,0660106605,Tilburg,Netherlands,1961-10-19
Ethan,Dekker,ethan.dekker73@kpn.nl,0641996248,Utrecht,NL,1982-09-03
Daan,Peeters,daan.peeters14@yahoo.com,,Breda,The Netherlands,1970-05-22
Daan,van Leeuwen,daan.vanleeuwen36@gmail.com,0674692992,Utrecht,NL,1970-10-25
Lisa,van Dijk,lisa.vandijk64@gmail.com,0650785018,Utrecht,The Netherlands,1995-09-04
Lisa,van Leeuwen,lisa.vanleeuwen18@hotmail.com,,Den Haag,nederland,2002-09-11
Benjamin,de Boer,benjamin.deboer22@outlook.com,0649454276,Den Haag,NL,1997-03-01
Laura,de Boer,,0635603860,Nijmegen,NL,1978-05-13
Mason,Hendriks,mason.hendriks82@ziggo.nl,0630590986,Eindhoven,nl,2000-03-10
Finn,Dekker,finn.dekker87@gmail.com,0644644258,Groningen,nederland,1990-12-08
Tim,Visser,tim.visser28@gmail.com,0647303476,Groningen,nederland,1977-12-27
Sem,Bos,sem.bos50@outlook.com,0687157729,Amsterdam,NETHERLANDS,1999-12-21
Lucas,Peters,lucas.peters18@hotmail.com,,Utrecht,Netherlands,1971-02-14
Noah,Visser,noah.visser30@yahoo.com,0640135604,Nijmegen,NL,1975-11-24
Noah,Smit,noah.smit13@hotmail.com,0629489278,Den Haag,Netherlands,1972-09-03
Benjamin,van Dijk,benjamin.vandijk41@hotmail.com,0682847750,Amsterdam,NETHERLANDS,1982-10-28
Lucas,van Dijk,lucas.vandijk68@gmail.com,0659788334,Breda,NETHERLANDS,1975-01-03
Levi,Meijer,levi.meijer60@ziggo.nl,0626476048,Tilburg,NLD,1996-03-20
Amelia,de Vries,amelia.devries13@gmail.com,0695829270,Nijmegen,The Netherlands,1995-05-13
Levi,van Dijk,levi.vandijk51@ziggo.nl,0625203794,Eindhoven,The Netherlands,1981-06-04
Mia,Vos,mia.vos89@outlook.com,0648614980,Haarlem,The Netherlands,1970-06-19
Sophia,Peters,sophia.peters45@kpn.nl,0653030189,Rotterdam,nl,1988-10-10
Sem,Peters,sem.peters66@gmail.com,,Den Haag,NL,1985-11-01
Charlotte,Peeters,charlotte.peeters24@ziggo.nl,0639932304,Eindhoven,NETHERLANDS,1980-06-03
Harper,Meijer,,0698713566,Haarlem,Netherlands,2000-07-13
Julia,de Boer,julia.deboer34@hotmail.com,0668491986,Breda,nederland,1961-12-22
Laura,de Vries,laura.devries6@hotmail.com,0610860733,Tilburg,NETHERLANDS,1969-04-12
Tim,Peters,tim.peters92@kpn.nl,0667052420,Rotterdam,NETHERLANDS,1965-05-11
Emma,Vos,emma.vos3@hotmail.com,0617419629,Groningen,nl,1976-01-04
Finn,de Groot,finn.degroot44@kpn.nl,0687510683,Groningen,Netherlands,1984-03-24
Mia,Peeters,mia.peeters11@yahoo.com,0624781192,Rotterdam,NLD,2001-06-22
Benjamin,van den Berg,benjamin.vandenberg91@kpn.nl,0656265553,Tilburg,Netherlands,1993-04-06
Lucas,Hendriks,,0672513113,Amsterdam,NETHERLANDS,1983-10-09
Julia,de Vries,julia.devries66@gmail.com,0683969520,Tilburg,nederland,1984-12-01
Emma,Bos,emma.bos77@ziggo.nl,0622705117,Utrecht,NL,1991-07-15
Laura,de Vries,laura.devries91@ziggo.nl,0688204682,Tilburg,NETHERLANDS,1988-11-05
Daan,Dekker,daan.dekker71@gmail.com,0662059744,Eindhoven,Netherlands,1995-03-03
James,de Vries,james.devries24@yahoo.com,0633067403,Utrecht,The Netherlands,1991-03-20
Sara,van den Berg,sara.vandenberg79@ziggo.nl,0666544352,Amsterdam,NLD,2001-04-10
Oliver,Smit,oliver.smit60@yahoo.com,0678339434,Rotterdam,NLD,1989-10-19
Laura,van Dijk,laura.vandijk90@yahoo.com,0671783212,Rotterdam,NETHERLANDS,1960-09-15
Bram,Peeters,bram.peeters30@outlook.com,0667644341,Breda,nederland,1986-02-14
Ava,Hendriks,,0636739103,Den Haag,nl,1989-02-11
Lisa,Vos,,0664510087,Tilburg,NL,1985-02-24
Ava,Peters,ava.peters47@outlook.com,0647993665,Nijmegen,NLD,1996-06-06
Mia,Dekker,mia.dekker31@ziggo.nl,0662075725,Groningen,The Netherlands,1979-09-07
Sophia,Vos,sophia.vos16@yahoo.com,0659800918,Den Haag,The Netherlands,1971-01-19
Charlotte,van Leeuwen,charlotte.vanleeuwen96@yahoo.com,0625848654,Nijmegen,NETHERLANDS,1996-10-02
Sara,de Boer,sara.deboer45@kpn.nl,0624971602,Tilburg,nl,1977-02-23
Sem,Vos,sem.vos5@hotmail.com,0665681726,Breda,NLD,1976-05-21
Isabella,Peeters,isabella.peeters90@hotmail.com,0612241953,Den Haag,The Netherlands,1979-02-14
Mia,Jansen,mia.jansen97@outlook.com,0683135343,Tilburg,The Netherlands,1964-07-15
Liam,de Groot,liam.degroot57@gmail.com,0675009907,Den Haag,nl,1986-10-17
Evelyn,Dijkstra,evelyn.dijkstra52@kpn.nl,0619025418,Amsterdam,nl,1963-09-23
Oliver,Bos,oliver.bos15@hotmail.com,,Rotterdam,NL,1960-11-27
Sara,Visser,sara.visser46@gmail.com,0649698121,Tilburg,nederland,1974-12-24
Sara,Meijer,sara.meijer60@ziggo.nl,0671195253,Groningen,NLD,1984-08-03
Amelia,Meijer,amelia.meijer48@ziggo.nl,0667174891,Eindhoven,The Netherlands,1965-05-06
Finn,de Boer,finn.deboer82@gmail.com,0678011966,Amsterdam,nederland,1996-03-21
Levi,Dijkstra,levi.dijkstra93@outlook.com,0612762336,Haarlem,NETHERLANDS,1978-05-27
Ava,de Groot,,0679457971,Nijmegen,NETHERLANDS,2003-12-25
Aiden,Visser,aiden.visser2@hotmail.com,0683000203,Rotterdam,NL,1997-11-18
Ava,Bakker,ava.bakker47@outlook.com,0683579661,Rotterdam,NETHERLANDS,1997-04-14
Charlotte,Vos,charlotte.vos81@hotmail.com,0671534120,Breda,Netherlands,1999-12-15
Ethan,Brouwer,ethan.brouwer71@gmail.com,0639422500,Haarlem,nl,1967-02-11
Laura,Dijkstra,laura.dijkstra30@ziggo.nl,0655946336,Amsterdam,nl,1991-05-15
Sophia,Bakker,sophia.bakker40@kpn.nl,0648192784,Groningen,The Netherlands,1986-12-27
Tim,Visser,tim.visser9@gmail.com,0611293798,Nijmegen,nl,1983-02-20
Laura,van Dijk,laura.vandijk78@yahoo.com,0623999290,Breda,NLD,1971-12-20
Finn,van den Berg,finn.vandenberg26@outlook.com,0642768969,Rotterdam,NETHERLANDS,1999-05-27
Daan,van Dijk,daan.vandijk81@gmail.com,0675098536,Utrecht,NETHERLANDS,1966-08-26
Bram,Vos,bram.vos69@yahoo.com,0660408807,Tilburg,Netherlands,1983-03-27
Bram,Vos,bram.vos49@gmail.com,0631658652,Amsterdam,The Netherlands,1968-02-27
Evelyn,de Groot,evelyn.degroot26@ziggo.nl,,Eindhoven,NL,1975-06-05
Sophia,Peters,sophia.peters81@hotmail.com,0643369578,Amsterdam,nl,1986-06-11
Sara,Bakker,sara.bakker59@outlook.com,0679217065,Eindhoven,NL,1978-11-08
Nora,de Boer,nora.deboer67@outlook.com,0641140831,Amsterdam,The Netherlands,1976-12-11
Ethan,Meijer,,0629629273,Eindhoven,nl,1967-10-17
Sara,Jansen,sara.jansen73@outlook.com,0644747356,Den Haag,NLD,1991-01-15
Lucas,Dijkstra,lucas.dijkstra75@outlook.com,0679306877,Amsterdam,The Netherlands,1960-04-18
Daan,Smit,daan.smit21@ziggo.nl,0643118465,Tilburg,Netherlands,1989-03-12
Benjamin,Hendriks,benjamin.hendriks70@kpn.nl,0616716982,Den Haag,NETHERLANDS,1996-10-17
Lucas,Visser,lucas.visser16@hotmail.com,0619949636,Den Haag,Netherlands,1968-02-25
James,Brouwer,james.brouwer34@gmail.com,0688944969,Breda,NETHERLANDS,1963-08-11
Noah,Hendriks,noah.hendriks43@hotmail.com,0675408240,Eindhoven,NETHERLANDS,1971-02-28
Benjamin,van den Berg,benjamin.vandenberg93@yahoo.com,0616733124,Nijmegen,The Netherlands,1983-04-26
Aiden,Hendriks,aiden.hendriks26@ziggo.nl,0696277519,Groningen,NL,1981-01-11
Benjamin,Bakker,benjamin.bakker64@gmail.com,0687499070,Utrecht,NL,1999-11-21
Benjamin,Dijkstra,,0659935180,Den Haag,NETHERLANDS,1996-08-22
Julia,Hendriks,julia.hendriks62@yahoo.com,0679140932,Nijmegen,nl,1965-03-16
Sem,Peters,sem.peters60@gmail.com,0640264081,Rotterdam,NLD,1992-04-16
Liam,Peeters,liam.peeters7@ziggo.nl,0634483789,Groningen,NL,1988-09-09
James,van Leeuwen,james.vanleeuwen67@yahoo.com,0656395851,Breda,Netherlands,2002-11-12
Harper,Brouwer,harper.brouwer67@gmail.com,0611775516,Rotterdam,The Netherlands,1973-05-07
Noah,de Groot,noah.degroot36@yahoo.com,0689485026,Utrecht,NLD,1976-03-22
Mason,Peeters,mason.peeters11@kpn.nl,0667398806,Eindhoven,NLD,1961-06-24
Mia,Jansen,mia.jansen59@ziggo.nl,0657705150,Rotterdam,nederland,1991-06-12
Noah,Brouwer,noah.brouwer52@hotmail.com,0658096096,Tilburg,Netherlands,1979-02-26
Sem,Dijkstra,,0642333554,Tilburg,NETHERLANDS,1976-07-11
Julia,Dekker,,0681989326,Utrecht,NL,1985-11-15
Bram,Dekker,,0617378694,Nijmegen,NLD,1980-03-28
Sara,de Groot,sara.degroot56@kpn.nl,0659131440,Den Haag,Netherlands,2003-07-10
Mason,Mulder,mason.mulder65@kpn.nl,0673825026,Tilburg,Netherlands,1989-12-12
Julia,Dijkstra,julia.dijkstra49@kpn.nl,0651825554,Eindhoven,nederland,1993-02-10
Oliver,van Leeuwen,oliver.vanleeuwen27@hotmail.com,0614906545,Utrecht,NETHERLANDS,1994-06-08
Noah,Bos,noah.bos53@gmail.com,0697149291,Haarlem,nederland,1979-12-13
Amelia,Vos,amelia.vos60@outlook.com,0693920799,Haarlem,nederland,2001-10-19
Bram,Jansen,bram.jansen34@outlook.com,0686949032,Amsterdam,nederland,1992-02-06
Ava,Bakker,,0633887967,Haarlem,The Netherlands,2002-04-20
James,de Groot,james.degroot41@kpn.nl,,Den Haag,Netherlands,1994-08-09
Oliver,van Leeuwen,oliver.vanleeuwen46@yahoo.com,0622691298,Tilburg,NLD,1992-09-14
Sara,de Vries,sara.devries28@hotmail.com,,Breda,Netherlands,1969-06-08
Oliver,Visser,oliver.visser88@ziggo.nl,,Groningen,nl,1988-09-19
Levi,Vos,,0683022965,Tilburg,NLD,1960-10-19
Lisa,de Boer,lisa.deboer15@gmail.com,0649814840,Den Haag,nederland,1976-09-05
Noah,Jansen,noah.jansen92@kpn.nl,0650138565,Tilburg,nl,1998-07-28
Noah,Bakker,noah.bakker13@gmail.com,0624642990,Rotterdam,The Netherlands,1981-09-21
Oliver,van Leeuwen,oliver.vanleeuwen13@gmail.com,,Nijmegen,nederland,1984-07-27
Mia,Smit,,,Breda,NL,1999-10-12
James,Bos,james.bos68@yahoo.com,0640740618,Breda,NETHERLANDS,1962-06-28
Bram,van Leeuwen,bram.vanleeuwen28@ziggo.nl,0686425723,Amsterdam,Netherlands,1966-05-02
James,de Groot,james.degroot22@hotmail.com,0684855342,Nijmegen,NETHERLANDS,1967-08-27
Ethan,Peters,ethan.peters83@yahoo.com,0650424218,Amsterdam,nl,1993-09-10
Daan,van Leeuwen,daan.vanleeuwen16@outlook.com,0647550384,Amsterdam,nederland,1963-11-04
Olivia,de Vries,olivia.devries50@kpn.nl,0698277469,Tilburg,NLD,1997-07-23
Liam,Bakker,liam.bakker59@outlook.com,,Tilburg,Netherlands,1981-04-28
Mia,Bos,mia.bos60@outlook.com,0688327995,Nijmegen,NL,1969-12-14
Charlotte,van Dijk,charlotte.vandijk24@ziggo.nl,0646834006,Haarlem,NL,2002-03-16
Laura,Peeters,laura.peeters84@kpn.nl,0641172978,Rotterdam,Netherlands,1985-12-12
Finn,Brouwer,finn.brouwer32@hotmail.com,0678844920,Breda,The Netherlands,1965-06-27
Mason,Mulder,mason.mulder89@outlook.com,0636553775,Rotterdam,NL,1960-08-04
Benjamin,Dijkstra,benjamin.dijkstra85@ziggo.nl,0630514975,Haarlem,NETHERLANDS,1967-10-20
Sem,Dijkstra,sem.dijkstra77@outlook.com,0685289839,Den Haag,NLD,1965-06-20
Emma,van Dijk,emma.vandijk37@hotmail.com,0681587846,Rotterdam,nl,1992-01-15
Lucas,Bakker,lucas.bakker7@ziggo.nl,0678686151,Haarlem,NL,1977-09-13
Harper,Bos,harper.bos51@kpn.nl,0626496303,Den Haag,Netherlands,1998-07-10
Ethan,Smit,ethan.smit81@yahoo.com,0624647399,Rotterdam,nl,2003-08-06
Sara,Smit,sara.smit55@ziggo.nl,0636546109,Rotterdam,NL,1974-07-24
Lucas,Peters,lucas.peters18@hotmail.com,0679913334,Den Haag,The Netherlands,1988-10-25
Mia,de Vries,mia.devries82@kpn.nl,,Utrecht,NETHERLANDS,1971-02-05
Amelia,Bos,,0651473112,Groningen,NL,2000-01-01
Evelyn,Jansen,evelyn.jansen25@outlook.com,0650336563,Utrecht,The Netherlands,1982-04-15
Isabella,Visser,isabella.visser50@outlook.com,0616675553,Utrecht,NL,1984-08-03
Emma,van Leeuwen,emma.vanleeuwen68@gmail.com,0692538123,Groningen,nederland,2003-04-02
Daan,van den Berg,daan.vandenberg98@ziggo.nl,0687273275,Groningen,NLD,1983-05-19
Mia,Bos,mia.bos94@outlook.com,0622290352,Haarlem,Netherlands,1992-12-18
Bram,Dijkstra,bram.dijkstra98@gmail.com,0622075464,Rotterdam,nl,1971-06-11
Emma,Mulder,emma.mulder19@outlook.com,0686613436,Eindhoven,nl,2000-04-13
Levi,Jansen,levi.jansen99@hotmail.com,0626524258,Eindhoven,Netherlands,1980-02-23
Noah,Brouwer,noah.brouwer82@outlook.com,0634559171,Groningen,Netherlands,1986-04-02
Aiden,van den Berg,aiden.vandenberg60@ziggo.nl,,Nijmegen,NL,1970-04-19
Benjamin,van den Berg,,0691836166,Tilburg,nl,1981-03-21
Nora,Mulder,nora.mulder62@yahoo.com,0612732574,Den Haag,nl,1982-06-15
Benjamin,van Leeuwen,,0649060021,Rotterdam,NETHERLANDS,1981-02-27
Charlotte,Peters,,0678981799,Rotterdam,NLD,1978-02-06
Amelia,Peters,,0660841286,Nijmegen,nederland,1999-09-11
Evelyn,Jansen,evelyn.jansen22@ziggo.nl,0681972471,Nijmegen,NLD,1970-04-19
Laura,Dekker,laura.dekker9@outlook.com,0666582087,Groningen,The Netherlands,1992-08-07
Ethan,de Vries,,0674118529,Amsterdam,Netherlands,1963-07-28
Amelia,Peters,,0626426995,Amsterdam,Netherlands,1978-09-14
Oliver,Dijkstra,oliver.dijkstra14@kpn.nl,0658678521,Groningen,Netherlands,2001-07-15
Sophia,Bakker,sophia.bakker99@gmail.com,0696762661,Rotterdam,The Netherlands,1989-01-08
Evelyn,Mulder,evelyn.mulder94@gmail.com,0647279459,Haarlem,nederland,1969-10-06
Isabella,de Boer,isabella.deboer4@outlook.com,0648215543,Rotterdam,NETHERLANDS,1985-07-13
Harper,van Leeuwen,harper.vanleeuwen92@outlook.com,0649194695,Den Haag,NETHERLANDS,1978-11-08
Aiden,Visser,aiden.visser20@outlook.com,0671719750,Rotterdam,nederland,1975-04-15
Charlotte,Hendriks,charlotte.hendriks12@hotmail.com,0661984235,Breda,NL,1963-05-10
Sem,Hendriks,sem.hendriks49@hotmail.com,0676897305,Nijmegen,Netherlands,1962-10-12
Mia,Visser,mia.visser78@ziggo.nl,,Utrecht,nederland,1992-10-13
Lucas,Mulder,lucas.mulder77@hotmail.com,0653171950,Den Haag,The Netherlands,1987-01-12
Levi,van den Berg,levi.vandenberg16@gmail.com,0624402735,Haarlem,Netherlands,2001-03-14
Laura,van Leeuwen,laura.vanleeuwen67@hotmail.com,0628843793,Haarlem,NL,1976-08-23
Aiden,van den Berg,aiden.vandenberg67@yahoo.com,0613699106,Breda,The Netherlands,1992-09-26
Sem,de Boer,sem.deboer89@hotmail.com,0685385549,Amsterdam,The Netherlands,1989-12-13
Evelyn,Brouwer,evelyn.brouwer11@ziggo.nl,0668639643,Den Haag,Netherlands,1966-12-14
Laura,Peeters,,0693508043,Nijmegen,The Netherlands,1966-06-07
Laura,Dekker,laura.dekker65@yahoo.com,0675129924,Nijmegen,NLD,1964-03-26
Daan,Bakker,daan.bakker16@kpn.nl,0620192615,Haarlem,Netherlands,1969-09-14
Daan,Dekker,daan.dekker11@outlook.com,,Breda,NETHERLANDS,1987-10-21
Laura,Meijer,laura.meijer57@hotmail.com,0639805859,Groningen,NETHERLANDS,2003-11-26
Laura,Hendriks,laura.hendriks94@ziggo.nl,0610863992,Haarlem,The Netherlands,1960-12-01
Sara,Visser,sara.visser15@hotmail.com,0630060703,Utrecht,nl,1978-01-22
Aiden,Smit,aiden.smit24@outlook.com,0693710500,Breda,NLD,1989-12-16
Mason,Bos,,0625570710,Groningen,Netherlands,1967-12-22
Noah,Jansen,noah.jansen57@yahoo.com,0679901065,Den Haag,The Netherlands,1994-05-01
Charlotte,van Leeuwen,,0656472674,Amsterdam,The Netherlands,1987-06-27
Aiden,van Leeuwen,aiden.vanleeuwen62@yahoo.com,0636660680,Rotterdam,NL,1996-04-03
Charlotte,Mulder,charlotte.mulder64@gmail.com,0664478242,Rotterdam,NETHERLANDS,1973-01-01
Olivia,Peeters,olivia.peeters33@outlook.com,0662605003,Amsterdam,Netherlands,1987-07-04
James,de Boer,,0610091729,Nijmegen,The Netherlands,1997-10-06
Bram,van Leeuwen,bram.vanleeuwen89@hotmail.com,0681121182,Breda,NETHERLANDS,1993-01-21
Aiden,Peters,aiden.peters37@hotmail.com,,Tilburg,Netherlands,1976-04-01
Nora,de Vries,nora.devries9@hotmail.com,0653287451,Den Haag,NETHERLANDS,1985-09-13
Julia,van den Berg,,0683188990,Amsterdam,Netherlands,1994-02-23
Tim,van Dijk,tim.vandijk32@gmail.com,0682226249,Tilburg,nederland,2002-06-16
Lisa,Hendriks,lisa.hendriks28@yahoo.com,0690153255,Haarlem,Netherlands,1984-07-02
Finn,Brouwer,finn.brouwer27@kpn.nl,0679234537,Nijmegen,nederland,1980-12-02
Aiden,Meijer,aiden.meijer62@gmail.com,0644283867,Breda,The Netherlands,1992-11-21
Liam,Mulder,liam.mulder17@ziggo.nl,0614049386,Breda,The Netherlands,1969-02-05
Olivia,Visser,olivia.visser96@yahoo.com,0628984038,Rotterdam,nl,1964-08-12
Isabella,de Vries,isabella.devries20@gmail.com,0651614999,Breda,The Netherlands,1977-04-05
Charlotte,de Boer,,0670794279,Haarlem,Netherlands,1981-12-07
Oliver,Mulder,oliver.mulder7@ziggo.nl,0677441124,Groningen,NETHERLANDS,1987-11-10
Isabella,Vos,isabella.vos67@yahoo.com,0672954441,Haarlem,Netherlands,1978-12-05
Aiden,de Boer,aiden.deboer99@gmail.com,0654283416,Amsterdam,Netherlands,1963-11-08
Mia,de Vries,mia.devries43@hotmail.com,,Amsterdam,The Netherlands,1965-07-24
Nora,de Boer,nora.deboer65@hotmail.com,0667955448,Nijmegen,nl,1995-06-16
Harper,van den Berg,harper.vandenberg97@gmail.com,0642211888,Nijmegen,NETHERLANDS,1995-12-11
Benjamin,Jansen,benjamin.jansen20@gmail.com,0649959045,Rotterdam,NLD,2002-06-20
Bram,Mulder,bram.mulder80@ziggo.nl,0650762335,Utrecht,NL,1980-12-02
Lucas,Vos,lucas.vos57@gmail.com,0691053151,Rotterdam,nederland,1976-04-05
Sem,Dekker,sem.dekker61@kpn.nl,0638452647,Breda,nederland,1983-02-16
Ethan,Hendriks,ethan.hendriks44@kpn.nl,0611625840,Utrecht,nederland,1978-09-13
Sem,van den Berg,sem.vandenberg97@hotmail.com,0665385945,Groningen,nederland,1969-08-26
Sem,Dekker,sem.dekker61@outlook.com,0660862187,Utrecht,NLD,1966-04-05
Aiden,Smit,aiden.smit87@ziggo.nl,0615334122,Nijmegen,nederland,1979-02-16
Laura,de Vries,laura.devries48@hotmail.com,0662921361,Breda,The Netherlands,1978-11-05
Finn,van Dijk,,0616411561,Breda,Netherlands,1972-08-28
Daan,Mulder,daan.mulder26@outlook.com,0695156603,Breda,nl,1978-06-07
Julia,Vos,julia.vos24@gmail.com,0628577150,Breda,NLD,2003-08-15
Sara,Brouwer,sara.brouwer70@gmail.com,0659147478,Eindhoven,NLD,1977-04-23
Noah,de Groot,noah.degroot78@yahoo.com,0679491528,Amsterdam,nederland,1993-06-13
Finn,Brouwer,finn.brouwer29@outlook.com,0666503200,Amsterdam,Netherlands,1981-10-03
Mason,Mulder,mason.mulder46@ziggo.nl,0664790168,Rotterdam,nl,1970-04-20
Lisa,Visser,lisa.visser16@outlook.com,0695597560,Utrecht,NLD,1965-10-28
Sara,de Vries,sara.devries53@kpn.nl,0643776300,Haarlem,nederland,1960-04-08
Ava,de Boer,ava.deboer36@gmail.com,0616891167,Nijmegen,Netherlands,1985-01-13
Mason,van Dijk,mason.vandijk7@kpn.nl,0636571078,Nijmegen,The Netherlands,1974-01-20
Harper,Bakker,harper.bakker18@outlook.com,0615682174,Nijmegen,nederland,1994-08-12
Laura,Meijer,laura.meijer24@hotmail.com,0693595498,Tilburg,NL,1982-06-16
Mia,Bos,mia.bos26@outlook.com,,Nijmegen,Netherlands,1974-07-13
Lucas,de Vries,lucas.devries89@kpn.nl,0652065750,Den Haag,NETHERLANDS,1964-05-25
Liam,van den Berg,liam.vandenberg2@yahoo.com,0687229297,Eindhoven,NLD,1980-11-25
Finn,de Groot,finn.degroot31@gmail.com,0694703885,Breda,nl,1972-05-13
Bram,Peters,bram.peters72@outlook.com,0621480711,Groningen,Netherlands,1998-03-01
Nora,de Vries,nora.devries45@kpn.nl,0638447805,Amsterdam,NLD,1973-09-15
Tim,van Leeuwen,tim.vanleeuwen38@ziggo.nl,0692347751,Breda,NLD,1988-12-23
Levi,van Leeuwen,levi.vanleeuwen88@ziggo.nl,0696566961,Den Haag,nl,1995-04-20
Evelyn,Mulder,evelyn.mulder62@outlook.com,0622603757,Utrecht,nl,1978-07-21
Julia,van Dijk,julia.vandijk6@ziggo.nl,,Amsterdam,NL,1978-05-07
Isabella,Bakker,isabella.bakker95@outlook.com,0667206744,Tilburg,NL,1999-06-26
Benjamin,de Vries,benjamin.devries16@yahoo.com,0624440369,Groningen,Netherlands,1982-05-23
Emma,Jansen,emma.jansen25@gmail.com,0628579859,Rotterdam,The Netherlands,1988-11-10
Sem,van Leeuwen,sem.vanleeuwen98@kpn.nl,,Breda,NLD,1986-03-16
Liam,Meijer,liam.meijer66@kpn.nl,0675620674,Groningen,NETHERLANDS,1971-08-01
Harper,Jansen,harper.jansen21@kpn.nl,0638371715,Breda,nl,1963-03-10
Noah,Vos,noah.vos44@gmail.com,0660126176,Haarlem,Netherlands,1960-10-14
Finn,Jansen,,0615643143,Haarlem,nl,1970-01-02
Harper,Smit,harper.smit98@outlook.com,0625922919,Breda,The Netherlands,1963-11-14
Amelia,de Groot,amelia.degroot67@kpn.nl,0654754339,Amsterdam,nl,1995-09-10
Ethan,de Vries,ethan.devries35@outlook.com,0636104362,Rotterdam,nl,1964-03-13
Daan,de Vries,daan.devries53@yahoo.com,0614081109,Breda,NETHERLANDS,2001-04-20
Benjamin,Bos,,0636533639,Amsterdam,Netherlands,1972-11-11
Harper,de Vries,harper.devries30@ziggo.nl,0631703401,Haarlem,nederland,1990-06-09
Sara,Vos,sara.vos21@outlook.com,0653323838,Tilburg,Netherlands,1981-05-07
Benjamin,de Groot,benjamin.degroot34@gmail.com,0683567115,Haarlem,Netherlands,1989-09-15
Liam,Smit,liam.smit22@yahoo.com,0652113039,Amsterdam,The Netherlands,1997-07-03
Sophia,de Groot,,0623084644,Nijmegen,Netherlands,1991-07-11
Ethan,Smit,ethan.smit87@outlook.com,0675991867,Breda,NL,1984-04-16
Harper,Mulder,,0664661389,Haarlem,Netherlands,1985-02-14
James,Dijkstra,james.dijkstra80@kpn.nl,0624684830,Tilburg,nederland,1997-07-04
Liam,Visser,liam.visser32@hotmail.com,0680905761,Breda,nl,1991-01-13
Sophia,Dijkstra,sophia.dijkstra77@outlook.com,0635818602,Tilburg,Netherlands,1972-02-20
Daan,Mulder,daan.mulder99@gmail.com,0684500542,Utrecht,NLD,1964-02-02
Olivia,Smit,olivia.smit66@outlook.com,0693978920,Tilburg,nederland,2002-01-08
Ethan,Meijer,ethan.meijer21@ziggo.nl,0667884878,Tilburg,The Netherlands,1962-05-02
Lucas,Mulder,lucas.mulder14@outlook.com,0630814343,Den Haag,Netherlands,1964-05-28
Sophia,Vos,sophia.vos40@ziggo.nl,0662302185,Amsterdam,NETHERLANDS,1960-08-21
Mia,van Leeuwen,mia.vanleeuwen6@gmail.com,0634894484,Haarlem,nederland,1988-01-09
Mason,Brouwer,mason.brouwer62@outlook.com,0678821398,Rotterdam,nl,1961-02-20
Nora,de Groot,nora.degroot78@gmail.com,0623734787,Haarlem,Netherlands,1993-03-09
Ava,Mulder,ava.mulder16@kpn.nl,0679260911,Tilburg,NETHERLANDS,1985-03-28
Olivia,van Leeuwen,olivia.vanleeuwen56@hotmail.com,0619743483,Rotterdam,NL,2000-09-07
Isabella,Dekker,,0614112239,Haarlem,The Netherlands,1963-09-02
Finn,Visser,finn.visser52@gmail.com,0649523965,Haarlem,The Netherlands,1991-02-11
Nora,Peters,nora.peters71@hotmail.com,0668006028,Breda,NETHERLANDS,1974-12-16
Mia,Smit,mia.smit83@hotmail.com,0688839411,Groningen,NETHERLANDS,1991-07-04
Tim,van Leeuwen,,0640343723,Eindhoven,The Netherlands,1962-10-01
Noah,van Leeuwen,noah.vanleeuwen83@hotmail.com,0627762331,Nijmegen,NL,1997-12-25
James,Vos,james.vos42@ziggo.nl,0665845011,Rotterdam,The Netherlands,1968-03-21
Liam,Hendriks,,0620410153,Amsterdam,nl,1980-09-03
Lucas,de Groot,lucas.degroot73@gmail.com,0634948822,Breda,nederland,1961-05-02
Daan,van Leeuwen,daan.vanleeuwen65@gmail.com,0678196427,Utrecht,NLD,1969-12-22
Liam,van Dijk,liam.vandijk73@hotmail.com,0658860414,Haarlem,NLD,1982-01-06
Sara,Smit,sara.smit94@outlook.com,0666826713,Utrecht,nl,1973-05-19
Aiden,Dijkstra,aiden.dijkstra42@yahoo.com,0685827673,Utrecht,The Netherlands,1987-06-22
Aiden,Meijer,aiden.meijer82@ziggo.nl,0628354020,Utrecht,nederland,1961-08-26
Mia,de Boer,mia.deboer8@gmail.com,0616053444,Utrecht,NETHERLANDS,1977-03-17
Charlotte,Dekker,,0632514516,Nijmegen,Netherlands,1985-09-04
Laura,Meijer,laura.meijer99@yahoo.com,0662998751,Nijmegen,nl,2003-12-01
Laura,de Boer,laura.deboer17@kpn.nl,,Breda,nl,1972-07-12
Ethan,Hendriks,,0637350857,Groningen,Netherlands,1966-09-10
Finn,Jansen,finn.jansen46@hotmail.com,,Den Haag,Netherlands,2002-07-02
Daan,van Leeuwen,daan.vanleeuwen46@hotmail.com,0626849937,Den Haag,NL,1988-06-21
Isabella,Dijkstra,isabella.dijkstra46@outlook.com,0687082891,Amsterdam,NL,1981-04-12
James,de Boer,james.deboer67@outlook.com,0633302504,Tilburg,NL,1971-05-25
Mason,van Leeuwen,mason.vanleeuwen87@yahoo.com,0622280577,Rotterdam,NL,1992-08-13
Isabella,Meijer,,0660755892,Den Haag,NLD,1977-04-15
Ava,van Leeuwen,ava.vanleeuwen50@kpn.nl,0696953104,Den Haag,NETHERLANDS,1985-12-21
James,Brouwer,james.brouwer71@kpn.nl,0629448070,Nijmegen,nederland,1962-08-02
Emma,Smit,emma.smit75@outlook.com,0689194880,Den Haag,NL,1997-01-24
Mia,van Leeuwen,mia.vanleeuwen59@kpn.nl,0645146144,Utrecht,NETHERLANDS,1974-04-14
Oliver,van Dijk,,,Nijmegen,nl,1963-08-04
Lucas,Vos,lucas.vos83@kpn.nl,0665150755,Haarlem,NETHERLANDS,1984-06-25
Mason,de Groot,mason.degroot46@yahoo.com,0680031158,Den Haag,nederland,2003-09-20
Sem,de Boer,sem.deboer60@yahoo.com,0692982882,Eindhoven,NETHERLANDS,1982-04-01
Sem,Hendriks,sem.hendriks29@hotmail.com,0653402789,Eindhoven,NLD,1981-08-26
Evelyn,Peters,evelyn.peters43@yahoo.com,0679657467,Breda,NLD,2003-04-24
Julia,Dekker,julia.dekker31@yahoo.com,0630582052,Tilburg,nl,1999-03-06
Ethan,Visser,ethan.visser87@hotmail.com,,Den Haag,NLD,2003-10-13
Laura,Dijkstra,laura.dijkstra60@kpn.nl,0642264996,Groningen,NLD,1969-02-18
Liam,Dekker,liam.dekker31@ziggo.nl,0613826868,Nijmegen,Netherlands,1980-05-18
Harper,Jansen,harper.jansen20@outlook.com,0632101388,Groningen,NETHERLANDS,1995-12-21
Ethan,Vos,ethan.vos86@kpn.nl,0684997053,Nijmegen,NL,1963-12-12
Harper,Dekker,harper.dekker1@kpn.nl,0641314308,Eindhoven,Netherlands,1972-09-14
Emma,Peeters,emma.peeters34@kpn.nl,0665523132,Tilburg,The Netherlands,1997-09-23
Bram,Dijkstra,bram.dijkstra95@gmail.com,0687344956,Rotterdam,Netherlands,1981-09-09
Lucas,Smit,lucas.smit62@ziggo.nl,0661355299,Amsterdam,The Netherlands,1969-09-27
Lucas,Dekker,lucas.dekker17@outlook.com,0688497111,Haarlem,nl,1993-06-11
Noah,de Groot,noah.degroot6@hotmail.com,0627734371,Rotterdam,NL,1997-04-03
Laura,de Vries,laura.devries68@outlook.com,0667793697,Nijmegen,NLD,1965-08-21
Daan,Bakker,daan.bakker84@kpn.nl,0690748388,Tilburg,NETHERLANDS,1981-08-28
Sophia,Smit,sophia.smit95@gmail.com,0654106767,Rotterdam,nederland,2003-05-14
Nora,de Groot,nora.degroot65@yahoo.com,0675519194,Nijmegen,nl,1996-07-26
Amelia,de Boer,amelia.deboer60@yahoo.com,0683450246,Tilburg,Netherlands,1979-05-03
Charlotte,Smit,charlotte.smit66@hotmail.com,0636655494,Eindhoven,NL,1965-11-03
Evelyn,Bos,evelyn.bos25@yahoo.com,0688979304,Tilburg,NLD,1975-07-23
Lisa,Mulder,lisa.mulder96@yahoo.com,0694815279,Nijmegen,nederland,1973-08-24
Sara,Meijer,sara.meijer49@gmail.com,0622932839,Tilburg,The Netherlands,1987-08-04
Liam,Mulder,liam.mulder14@gmail.com,0629813583,Rotterdam,nl,1960-10-20
Lisa,Jansen,lisa.jansen41@yahoo.com,0659012944,Utrecht,The Netherlands,1967-08-10
Nora,Visser,nora.visser50@outlook.com,0621699510,Groningen,NLD,2003-10-26
Olivia,Brouwer,olivia.brouwer13@hotmail.com,0648039847,Rotterdam,NETHERLANDS,1999-09-21
Ava,van Leeuwen,ava.vanleeuwen73@gmail.com,0630541590,Nijmegen,Netherlands,1964-05-26
Lisa,Bos,lisa.bos92@kpn.nl,0622714248,Den Haag,The Netherlands,1984-12-08
Nora,van Leeuwen,nora.vanleeuwen42@outlook.com,0625616248,Breda,The Netherlands,1970-05-03
Mia,van Dijk,,0670827234,Groningen,NL,1970-03-15
Amelia,Bos,,0677678397,Rotterdam,nl,1974-04-24
Lucas,Bos,lucas.bos26@kpn.nl,0634429240,Tilburg,nederland,1981-02-24
Noah,de Vries,noah.devries36@kpn.nl,,Amsterdam,nl,1981-11-26
Daan,van Dijk,daan.vandijk46@gmail.com,0659567941,Den Haag,The Netherlands,1977-02-24
Lisa,Dekker,lisa.dekker70@gmail.com,0631719486,Haarlem,NLD,2002-11-02
Benjamin,van Dijk,benjamin.vandijk41@ziggo.nl,0671706547,Tilburg,nederland,1988-09-15
Isabella,van den Berg,isabella.vandenberg94@hotmail.com,0655022387,Rotterdam,nederland,2003-12-18
Oliver,Dekker,oliver.dekker90@yahoo.com,0689582735,Breda,NL,1990-06-05
Harper,Peters,harper.peters5@outlook.com,0667617422,Den Haag,nederland,1980-04-14
Bram,Dijkstra,,0693812911,Utrecht,NETHERLANDS,1996-01-11
Nora,Hendriks,nora.hendriks37@yahoo.com,0619102672,Nijmegen,NLD,1966-06-20
Julia,Meijer,julia.meijer37@yahoo.com,0630185566,Rotterdam,The Netherlands,1968-11-19
Sem,de Vries,sem.devries92@gmail.com,0664308641,Utrecht,Netherlands,1973-01-13
Finn,Brouwer,finn.brouwer99@gmail.com,0666070067,Breda,NETHERLANDS,1974-09-23
Lisa,de Boer,lisa.deboer32@ziggo.nl,0630497820,Breda,Netherlands,1975-08-09
Daan,de Groot,daan.degroot48@hotmail.com,0626940482,Breda,The Netherlands,2000-11-07
James,Dekker,james.dekker15@ziggo.nl,0631203366,Breda,NL,1960-05-12
Aiden,Mulder,aiden.mulder16@hotmail.com,0654084113,Tilburg,Netherlands,1960-03-08
Sem,Peters,sem.peters97@outlook.com,0699243369,Groningen,The Netherlands,1973-08-04
Liam,de Boer,liam.deboer49@kpn.nl,0668218958,Utrecht,nederland,1974-05-11
Sara,Meijer,sara.meijer49@yahoo.com,0693993752,Groningen,The Netherlands,1993-10-07
Isabella,de Vries,isabella.devries45@outlook.com,0656094465,Groningen,nl,1983-05-23
Tim,Meijer,,0688273525,Amsterdam,nederland,1966-02-23
Amelia,Bakker,amelia.bakker8@hotmail.com,,Amsterdam,NLD,2000-10-06
Liam,Dekker,liam.dekker40@outlook.com,0693086754,Breda,Netherlands,1989-06-23
Benjamin,Dekker,benjamin.dekker5@hotmail.com,0685939480,Groningen,Netherlands,1969-03-20
Isabella,Meijer,isabella.meijer67@yahoo.com,0621178206,Utrecht,nl,1982-04-24
Evelyn,van Dijk,evelyn.vandijk18@ziggo.nl,0610618396,Utrecht,NLD,1966-02-25
Benjamin,Bakker,,0635216058,Den Haag,NETHERLANDS,1964-04-17
Finn,de Groot,finn.degroot66@gmail.com,0688182797,Breda,The Netherlands,1993-12-28
Finn,van Leeuwen,finn.vanleeuwen30@ziggo.nl,0644643825,Breda,NL,1964-06-08
Tim,Bos,tim.bos57@gmail.com,0658005079,Eindhoven,nl,1983-11-01
Oliver,Visser,oliver.visser20@hotmail.com,0693405951,Tilburg,NLD,1999-08-22
Tim,de Vries,,0645668082,Haarlem,nl,1961-07-28
Levi,Mulder,levi.mulder27@ziggo.nl,0630341961,Breda,nl,1968-07-03
Harper,Mulder,harper.mulder98@gmail.com,0620243986,Haarlem,Netherlands,1981-11-20
Olivia,Hendriks,olivia.hendriks7@kpn.nl,0656455408,Haarlem,nederland,1968-12-13
Bram,van Leeuwen,bram.vanleeuwen12@gmail.com,0692906475,Breda,NL,1998-12-24
Amelia,Vos,amelia.vos60@kpn.nl,0646597085,Utrecht,nederland,1985-08-24
Nora,Brouwer,nora.brouwer76@outlook.com,0619254922,Amsterdam,NLD,1976-03-09
Noah,Mulder,noah.mulder61@hotmail.com,0674761383,Groningen,NETHERLANDS,1980-11-05
Oliver,de Boer,oliver.deboer65@hotmail.com,0679365685,Haarlem,Netherlands,1980-01-26
Ava,Meijer,ava.meijer41@kpn.nl,0663730974,Rotterdam,The Netherlands,1991-05-02
Evelyn,van Leeuwen,evelyn.vanleeuwen44@ziggo.nl,0639413346,Amsterdam,NL,1967-10-06
James,Peters,james.peters12@ziggo.nl,0673428358,Rotterdam,NETHERLANDS,1978-06-15
Julia,Brouwer,julia.brouwer26@kpn.nl,0674539088,Eindhoven,Netherlands,1986-11-20
Lisa,Brouwer,lisa.brouwer96@outlook.com,0670646634,Groningen,NL,2001-03-03
Finn,Visser,finn.visser82@ziggo.nl,,Eindhoven,NLD,2003-11-12
Mason,van Dijk,mason.vandijk39@gmail.com,0650491710,Rotterdam,nl,1989-05-18
Harper,de Vries,harper.devries97@yahoo.com,0654607698,Breda,NLD,1998-01-13
Mason,van Dijk,mason.vandijk67@hotmail.com,0649716529,Rotterdam,nl,1987-08-07
Nora,Visser,nora.visser17@outlook.com,0667068087,Nijmegen,NETHERLANDS,1961-02-25
Amelia,Dekker,amelia.dekker62@yahoo.com,0610777946,Den Haag,The Netherlands,1973-07-13
Finn,van Dijk,finn.vandijk21@yahoo.com,0684350108,Haarlem,nl,1985-08-09
Olivia,Meijer,olivia.meijer98@ziggo.nl,0695385976,Utrecht,nederland,1971-11-28
Bram,Smit,bram.smit36@ziggo.nl,0646725017,Breda,nederland,2000-04-01
Mia,Mulder,mia.mulder24@ziggo.nl,0622132291,Breda,NLD,1979-11-21
Lisa,van den Berg,lisa.vandenberg84@hotmail.com,0673981499,Den Haag,nederland,1962-08-24
Charlotte,de Vries,,0612792045,Breda,The Netherlands,1989-03-26
Amelia,Smit,amelia.smit16@yahoo.com,0692861218,Nijmegen,The Netherlands,1976-02-01
Oliver,van Leeuwen,oliver.vanleeuwen7@ziggo.nl,0677241253,Rotterdam,The Netherlands,1983-11-19
Julia,van Leeuwen,julia.vanleeuwen21@yahoo.com,0659248477,Eindhoven,Netherlands,1965-08-22
Lucas,Meijer,,0692894558,Groningen,NL,1987-06-25
Bram,Brouwer,bram.brouwer21@hotmail.com,0636892889,Amsterdam,Netherlands,1969-11-15
Olivia,de Groot,olivia.degroot87@gmail.com,0613519990,Rotterdam,Netherlands,1962-09-18
Finn,Dekker,finn.dekker59@hotmail.com,0673659239,Den Haag,nl,1997-09-10
Ethan,Dekker,,0657806141,Rotterdam,nederland,1989-07-05
Ava,Peters,ava.peters97@ziggo.nl,0647991248,Breda,NL,2003-10-01
Lucas,van Dijk,lucas.vandijk54@yahoo.com,0643428892,Breda,The Netherlands,1976-12-05
Amelia,van den Berg,amelia.vandenberg93@yahoo.com,0681082760,Amsterdam,nederland,1982-04-09
Sophia,de Vries,sophia.devries33@hotmail.com,0655680944,Groningen,Netherlands,1962-08-14
Harper,van Leeuwen,harper.vanleeuwen10@gmail.com,,Rotterdam,nederland,1994-02-13
Isabella,de Vries,isabella.devries29@kpn.nl,0669787270,Den Haag,Netherlands,1976-05-09
Nora,de Groot,nora.degroot87@ziggo.nl,0634294475,Eindhoven,NLD,1990-06-07
Tim,Bos,tim.bos23@yahoo.com,0635074715,Nijmegen,NL,1999-08-10
Julia,Dijkstra,julia.dijkstra46@gmail.com,,Rotterdam,nl,1989-09-04
Sara,Bos,sara.bos78@gmail.com,0661960952,Eindhoven,NL,1984-01-09
Benjamin,Brouwer,benjamin.brouwer37@hotmail.com,0611041898,Haarlem,nederland,1963-04-18
Ethan,de Groot,ethan.degroot97@ziggo.nl,0634656620,Groningen,NLD,1996-03-25
Daan,Dekker,daan.dekker78@hotmail.com,0655570310,Groningen,Netherlands,2003-02-24
Isabella,Bakker,isabella.bakker3@hotmail.com,0691025776,Haarlem,Netherlands,1993-10-21
Sara,Hendriks,sara.hendriks24@yahoo.com,0678563099,Breda,Netherlands,1977-03-27
Lucas,de Boer,lucas.deboer94@kpn.nl,0650004566,Eindhoven,NL,1990-11-20
Ava,de Boer,ava.deboer12@outlook.com,0672097800,Den Haag,NETHERLANDS,1981-07-12
Olivia,Smit,,0625334103,Eindhoven,Netherlands,1985-10-08
Finn,Dijkstra,,0688055563,Nijmegen,Netherlands,1961-10-18
Lucas,Meijer,lucas.meijer69@ziggo.nl,0683531730,Groningen,The Netherlands,1977-11-21
Aiden,Visser,aiden.visser13@hotmail.com,0648813081,Breda,nl,1984-03-01
Tim,Visser,tim.visser63@yahoo.com,0651507777,Tilburg,nl,1988-02-07
Oliver,van den Berg,oliver.vandenberg80@yahoo.com,0638363655,Breda,nederland,1996-02-03
Charlotte,Visser,charlotte.visser88@gmail.com,0671659596,Nijmegen,Netherlands,1977-08-26
Bram,de Vries,bram.devries97@yahoo.com,0662425161,Haarlem,nederland,1976-10-11
Lucas,Brouwer,lucas.brouwer11@outlook.com,0610066030,Den Haag,NETHERLANDS,1996-03-16
Liam,de Boer,liam.deboer8@yahoo.com,0679402392,Haarlem,nederland,1983-03-04
Tim,de Groot,tim.degroot95@outlook.com,0676263545,Breda,Netherlands,1982-07-23
Mia,Mulder,,0690747426,Tilburg,NLD,1996-01-27
Lisa,Dekker,lisa.dekker2@hotmail.com,0636343462,Haarlem,NLD,1991-07-11
Ava,Vos,ava.vos37@ziggo.nl,0648547218,Eindhoven,Netherlands,1996-05-20
Finn,Bos,finn.bos7@hotmail.com,0629279324,Tilburg,Netherlands,1976-05-19
Isabella,Peeters,isabella.peeters29@kpn.nl,0675823729,Eindhoven,Netherlands,1992-10-21
Julia,Dijkstra,julia.dijkstra4@hotmail.com,0645523177,Den Haag,Netherlands,1975-07-20
Evelyn,Bos,evelyn.bos23@yahoo.com,0630165764,Rotterdam,NLD,1979-11-21
Lucas,Jansen,lucas.jansen51@gmail.com,0664299955,Nijmegen,The Netherlands,1993-04-17
Ava,Meijer,ava.meijer38@ziggo.nl,,Den Haag,NLD,1979-01-27
Ethan,Vos,ethan.vos4@kpn.nl,0690664004,Nijmegen,NETHERLANDS,1988-06-09
Benjamin,Peeters,benjamin.peeters68@yahoo.com,0656993665,Rotterdam,Netherlands,1984-12-24
Mason,Vos,mason.vos37@ziggo.nl,0628513192,Haarlem,The Netherlands,1969-06-01
Charlotte,Hendriks,charlotte.hendriks29@hotmail.com,0648646429,Tilburg,The Netherlands,1980-12-11
Laura,van Leeuwen,laura.vanleeuwen53@ziggo.nl,0612927169,Rotterdam,nl,1964-11-10
Mia,Peters,mia.peters8@gmail.com,0613429551,Breda,The Netherlands,1979-07-03
Lucas,de Vries,lucas.devries86@hotmail.com,,Eindhoven,The Netherlands,1965-12-01
Olivia,Mulder,olivia.mulder34@gmail.com,0622879457,Rotterdam,NETHERLANDS,1969-11-25
Ava,Dekker,ava.dekker54@yahoo.com,0640083831,Breda,NL,1993-06-10
Liam,Vos,liam.vos27@kpn.nl,0661485610,Groningen,nederland,1991-06-22
Sem,Bakker,sem.bakker77@outlook.com,0697387207,Haarlem,NLD,1969-05-11
Mia,van den Berg,mia.vandenberg10@hotmail.com,0682024456,Amsterdam,nl,1961-09-21
Isabella,Jansen,isabella.jansen49@ziggo.nl,0675346823,Groningen,NETHERLANDS,1967-04-03
Oliver,de Groot,oliver.degroot80@kpn.nl,0690825612,Eindhoven,NLD,1960-06-03
Oliver,Jansen,oliver.jansen89@hotmail.com,0619528072,Den Haag,NLD,1965-09-01
Isabella,de Groot,isabella.degroot96@gmail.com,0625670390,Utrecht,Netherlands,1984-04-10
James,de Groot,james.degroot44@gmail.com,0689931274,Breda,nederland,1984-04-05
Lucas,Bakker,,0648171813,Groningen,Netherlands,1969-12-07
Levi,Meijer,levi.meijer43@yahoo.com,0627209538,Tilburg,NL,1965-07-10
Julia,Bos,julia.bos89@yahoo.com,0641231345,Tilburg,NLD,1980-12-21
Evelyn,de Boer,evelyn.deboer11@hotmail.com,0689791991,Tilburg,nederland,1990-08-03
Ethan,Visser,ethan.visser35@hotmail.com,0671628051,Den Haag,Netherlands,1990-11-25
Emma,van den Berg,emma.vandenberg31@ziggo.nl,0646179897,Groningen,NETHERLANDS,1994-01-13
Lisa,Dekker,lisa.dekker34@kpn.nl,0636589978,Haarlem,Netherlands,1994-02-03
Nora,Visser,nora.visser81@yahoo.com,0672628647,Den Haag,nederland,1966-10-05
Noah,de Vries,noah.devries98@hotmail.com,,Tilburg,NETHERLANDS,1986-05-07
Sophia,Peeters,sophia.peeters80@outlook.com,0682230762,Groningen,Netherlands,1977-03-20
Finn,de Boer,finn.deboer71@yahoo.com,0657466824,Breda,NLD,1982-04-05
Liam,Bos,liam.bos92@kpn.nl,0662134240,Nijmegen,NETHERLANDS,1977-11-24
Bram,van Leeuwen,bram.vanleeuwen76@outlook.com,,Haarlem,nl,1969-12-07
Ethan,Bos,ethan.bos1@kpn.nl,0688727883,Groningen,Netherlands,1997-11-23
Levi,Jansen,levi.jansen17@ziggo.nl,0621462369,Groningen,nederland,1997-06-09
Bram,Peeters,bram.peeters17@hotmail.com,0637700152,Eindhoven,nederland,1967-11-05
Mia,Visser,mia.visser96@outlook.com,0632348941,Groningen,NLD,1987-01-28
Levi,Bos,levi.bos81@outlook.com,0691766719,Den Haag,NL,1984-06-23
Isabella,Peters,isabella.peters63@gmail.com,0650780879,Utrecht,The Netherlands,1990-03-09
Sophia,Peters,,0698303031,Nijmegen,NETHERLANDS,1979-02-25
Lucas,Brouwer,lucas.brouwer18@kpn.nl,0655227821,Rotterdam,The Netherlands,1973-01-15
Sem,Brouwer,sem.brouwer34@kpn.nl,0660111038,Utrecht,nl,1962-04-22
Sara,Dekker,sara.dekker72@gmail.com,0654337011,Haarlem,NLD,1987-02-27
Nora,Bakker,nora.bakker5@gmail.com,0630416059,Tilburg,nederland,1967-06-20
Evelyn,Peters,,0635481285,Nijmegen,nederland,1964-01-02
Noah,Dijkstra,noah.dijkstra53@outlook.com,0622769070,Eindhoven,NETHERLANDS,1997-02-01
Finn,Mulder,,0665698877,Amsterdam,The Netherlands,1963-05-20
Lisa,Visser,lisa.visser94@kpn.nl,0683290178,Nijmegen,Netherlands,1989-01-15
Bram,Peeters,bram.peeters44@hotmail.com,0676161085,Breda,Netherlands,2002-06-05
Levi,de Vries,levi.devries2@hotmail.com,0673863371,Utrecht,nl,1977-02-05
Liam,Dekker,liam.dekker11@ziggo.nl,,Tilburg,NETHERLANDS,1996-01-20
Charlotte,Visser,,,Nijmegen,NL,1985-10-20
Isabella,van Leeuwen,isabella.vanleeuwen3@ziggo.nl,0629494420,Tilburg,NL,1978-06-21
Daan,van Dijk,daan.vandijk61@gmail.com,0616614662,Tilburg,nl,2001-12-22
Oliver,Vos,,0613437223,Breda,nl,1968-05-18
Isabella,Dijkstra,isabella.dijkstra43@ziggo.nl,0679679127,Utrecht,Netherlands,1971-06-27
Levi,de Groot,levi.degroot95@outlook.com,0656747063,Haarlem,nederland,1982-03-13
Evelyn,van Dijk,evelyn.vandijk51@outlook.com,0625997041,Amsterdam,nl,1997-01-10
Amelia,Dekker,,0618331240,Utrecht,nederland,1999-04-14
Sem,Peters,sem.peters66@outlook.com,0653014263,Rotterdam,Netherlands,2003-02-15
Mia,van Leeuwen,mia.vanleeuwen10@hotmail.com,0697650110,Eindhoven,NETHERLANDS,1986-08-20
Julia,Jansen,julia.jansen19@gmail.com,0656660065,Breda,nederland,1996-07-04
Bram,van Leeuwen,bram.vanleeuwen28@ziggo.nl,0686425723,Amsterdam,Netherlands,1966-05-02
Noah,de Groot,noah.degroot36@yahoo.com,0689485026,Utrecht,NLD,1976-03-22
Mason,Dekker,mason.dekker5@kpn.nl,0628280531,Rotterdam,NETHERLANDS,1997-01-03
Julia,Vos,julia.vos24@gmail.com,0628577150,Breda,NLD,2003-08-15
Ethan,Hendriks,,0637350857,Groningen,Netherlands,1966-09-10
Levi,Dijkstra,levi.dijkstra93@outlook.com,0612762336,Haarlem,NETHERLANDS,1978-05-27
Julia,Smit,julia.smit37@yahoo.com,0640030910,Nijmegen,NETHERLANDS,1985-01-03
Ethan,Peters,ethan.peters83@yahoo.com,0650424218,Amsterdam,nl,1993-09-10
Sem,Peters,sem.peters60@gmail.com,0640264081,Rotterdam,NLD,1992-04-16
Tim,Meijer,,0688273525,Amsterdam,nederland,1966-02-23
Sem,van Leeuwen,sem.vanleeuwen98@kpn.nl,,Breda,NLD,1986-03-16
Sem,Peters,sem.peters66@outlook.com,0653014263,Rotterdam,Netherlands,2003-02-15
Benjamin,Dijkstra,benjamin.dijkstra85@ziggo.nl,0630514975,Haarlem,NETHERLANDS,1967-10-20
Laura,de Vries,laura.devries91@ziggo.nl,0688204682,Tilburg,NETHERLANDS,1988-11-05
Noah,Bakker,noah.bakker13@gmail.com,0624642990,Rotterdam,The Netherlands,1981-09-21
Levi,Meijer,levi.meijer60@ziggo.nl,0626476048,Tilburg,NLD,1996-03-20
Lucas,Meijer,lucas.meijer69@ziggo.nl,0683531730,Groningen,The Netherlands,1977-11-21
Levi,Bos,levi.bos49@yahoo.com,0636732469,Breda,Netherlands,1995-01-18
Finn,de Groot,finn.degroot44@kpn.nl,0687510683,Groningen,Netherlands,1984-03-24
Benjamin,van den Berg,benjamin.vandenberg91@kpn.nl,0656265553,Tilburg,Netherlands,1993-04-06
Lucas,Meijer,,0692894558,Groningen,NL,1987-06-25
Amelia,Peters,,0626426995,Amsterdam,Netherlands,1978-09-14
James,de Groot,james.degroot41@kpn.nl,,Den Haag,Netherlands,1994-08-09
Amelia,Mulder,,0626868720,Den Haag,nederland,1984-05-17
Sara,de Groot,sara.degroot56@kpn.nl,0659131440,Den Haag,Netherlands,2003-07-10
Laura,van Dijk,laura.vandijk90@hotmail.com,0660106605,Tilburg,Netherlands,1961-10-19
Daan,van Leeuwen,daan.vanleeuwen16@outlook.com,0647550384,Amsterdam,nederland,1963-11-04
Mia,Jansen,mia.jansen97@outlook.com,0683135343,Tilburg,The Netherlands,1964-07-15
Lisa,Hendriks,lisa.hendriks28@yahoo.com,0690153255,Haarlem,Netherlands,1984-07-02
Nora,de Groot,nora.degroot87@ziggo.nl,0634294475,Eindhoven,NLD,1990-06-07
Levi,de Groot,levi.degroot62@yahoo.com,0686307047,Haarlem,The Netherlands,1994-08-10
Benjamin,van Leeuwen,,0649060021,Rotterdam,NETHERLANDS,1981-02-27
Charlotte,van Leeuwen,charlotte.vanleeuwen96@yahoo.com,0625848654,Nijmegen,NETHERLANDS,1996-10-02
Tim,de Groot,tim.degroot66@hotmail.com,0621188978,Breda,NETHERLANDS,2001-10-10
Mia,Smit,mia.smit83@hotmail.com,0688839411,Groningen,NETHERLANDS,1991-07-04
Isabella,Jansen,isabella.jansen49@ziggo.nl,0675346823,Groningen,NETHERLANDS,1967-04-03
Oliver,Brouwer,oliver.brouwer70@kpn.nl,0655399594,Breda,NETHERLANDS,1973-03-24
Noah,Jansen,noah.jansen92@kpn.nl,0650138565,Tilburg,nl,1998-07-28
Benjamin,van Dijk,benjamin.vandijk41@hotmail.com,0682847750,Amsterdam,NETHERLANDS,1982-10-28
Mia,de Boer,mia.deboer8@gmail.com,0616053444,Utrecht,NETHERLANDS,1977-03-17