customer_id,order_date,store_name,status,total_amount,order_reference
56,2023-08-13,HarborStore,Pending,328.05,ORD_0001
553,09-09-2023,EastStore,completed,431.57,ORD_0002
259,05-21-2024,,SHIPPED,252.74,ORD_0003
584,07/12/2024,NorthStore,cancelled,262.14,ORD_0004
213,18/10/2024,MainStore,Pending,89.05,ORD_0005
75,2022-07-20,SouthStore,shipped,161.94,ORD_0006
293,05-03-2024,CityStore,COMPLETED,164.97,ORD_0007
379,10-05-2023,SouthStore,Completed,698.19,ORD_0008
109,20/10/2024,CenterStore,Completed,670.23,ORD_0009
459,8 August 2023,MainStore,Pending,15.47,ORD_0010
290,18 January 2023,CenterStore,Pending,364.15,ORD_0011
321,28/06/2024,,Pending,386.04,ORD_0012
359,05-22-2024,WestStore,COMPLETED,516.09,ORD_0013
15,07-01-2022,WestStore,pending,237.73,ORD_0014
25,2024-02-24,,Completed,437.61,ORD_0015
449,27/01/2024,,completed,240.75,ORD_0016
51,2024-12-25,MarketStore,COMPLETED,284.74,ORD_0017
233,6 March 2022,CenterStore,COMPLETED,34.33,ORD_0018
581,07-18-2023,MarketStore,Shipped,366.88,ORD_0019
272,22/05/2023,MarketStore,COMPLETED,398.67,ORD_0020
476,2024-11-13,WestStore,Shipped,296.03,ORD_0021
115,2024-07-22,CenterStore,COMPLETED,710.82,ORD_0022
391,01-15-2024,CityStore,shipped,219.77,ORD_0023
138,07-21-2022,,COMPLETED,668.58,ORD_0024
468,01-13-2022,MainStore,Pending,459.86,ORD_0025
330,2023-05-15,SouthStore,completed,214.32,ORD_0026
115,21 December 2022,NorthStore,shipped,201.15,ORD_0027
64,25 May 2023,EastStore,cancelled,466.69,ORD_0028
284,22 September 2024,HarborStore,Completed,363.21,ORD_0029
76,12-01-2024,PlazaStore,SHIPPED,212.85,ORD_0030
193,21 May 2022,EastStore,cancelled,723.85,ORD_0031
160,10/12/2024,MarketStore,completed,581.83,ORD_0032
298,06-19-2023,,Pending,675.71,ORD_0033
411,26 May 2022,MainStore,SHIPPED,576.75,ORD_0034
69,2022-01-13,PlazaStore,pending,334.45,ORD_0035
547,01/07/2024,MarketStore,shipped,589.69,ORD_0036
313,04-06-2024,CityStore,SHIPPED,752.4,ORD_0037
74,28/01/2023,MarketStore,cancelled,246.08,ORD_0038
278,5 February 2023,WestStore,COMPLETED,740.84,ORD_0039
490,22 April 2022,EastStore,Completed,570.78,ORD_0040
466,28 November 2023,CityStore,cancelled,731.41,ORD_0041
174,05-23-2024,CenterStore,COMPLETED,519.38,ORD_0042
161,8 March 2024,WestStore,shipped,447.84,ORD_0043
201,7 March 2022,CenterStore,SHIPPED,453.93,ORD_0044
192,2024-05-06,HarborStore,Shipped,684.09,ORD_0045
413,18/12/2022,PlazaStore,Pending,793.14,ORD_0046
235,16 February 2022,CityStore,Shipped,569.57,ORD_0047
12,5 January 2024,SouthStore,shipped,46.67,ORD_0048
152,14/10/2022,,Cancelled,110.26,ORD_0049
160,05-13-2023,,COMPLETED,259.63,ORD_0050
544,2023-08-18,NorthStore,shipped,737.71,ORD_0051
8,28/09/2023,CityStore,SHIPPED,596.4,ORD_0052
482,26/03/2023,EastStore,cancelled,707.69,ORD_0053
16,2023-11-10,PlazaStore,Completed,289.06,ORD_0054
535,04/04/2024,NorthStore,pending,699.72,ORD_0055
443,01-11-2023,EastStore,Completed,510.99,ORD_0056
63,09-18-2023,EastStore,Shipped,142.31,ORD_0057
21,2023-04-15,HarborStore,Shipped,250.82,ORD_0058
598,4 November 2022,MainStore,Completed,81.02,ORD_0059
156,21 May 2022,MainStore,cancelled,654.08,ORD_0060
103,19/11/2023,MainStore,Completed,678.29,ORD_0061
101,21 November 2022,MarketStore,SHIPPED,163.31,ORD_0062
477,27 September 2023,MainStore,Completed,98.32,ORD_0063
285,20 February 2024,CityStore,completed,452.02,ORD_0064
529,2023-02-14,NorthStore,pending,520.16,ORD_0065
115,12-15-2023,WestStore,shipped,103.42,ORD_0066
293,10/10/2022,MarketStore,Pending,11.42,ORD_0067
171,28/08/2023,WestStore,Cancelled,320.42,ORD_0068
99,10-21-2022,CityStore,Completed,724.63,ORD_0069
516,06-01-2024,,cancelled,31.56,ORD_0070
344,11-10-2023,,shipped,668.32,ORD_0071
175,27 November 2023,SouthStore,Pending,416.27,ORD_0072
298,2024-03-24,SouthStore,SHIPPED,81.22,ORD_0073
123,22 June 2022,NorthStore,pending,645.23,ORD_0074
434,27 July 2023,HarborStore,SHIPPED,428.89,ORD_0075
153,04-21-2023,MainStore,Cancelled,464.54,ORD_0076
426,08-17-2022,MarketStore,completed,140.0,ORD_0077
327,2024-12-24,CityStore,Completed,390.77,ORD_0078
428,2023-03-17,PlazaStore,Completed,782.82,ORD_0079
463,2024-09-28,SouthStore,pending,91.85,ORD_0080
553,2023-10-13,EastStore,SHIPPED,758.03,ORD_0081
484,15/05/2024,WestStore,completed,325.4,ORD_0082
460,22/02/2022,PlazaStore,shipped,679.2,ORD_0083
201,5 March 2024,WestStore,pending,757.62,ORD_0084
318,2022-03-14,HarborStore,Pending,466.51,ORD_0085
105,15 June 2022,MainStore,Shipped,210.37,ORD_0086
73,20/12/2023,PlazaStore,Pending,551.11,ORD_0087
313,26/07/2022,HarborStore,Completed,779.15,ORD_0088
524,2024-12-07,EastStore,pending,773.73,ORD_0089
301,02/02/2024,MainStore,SHIPPED,497.96,ORD_0090
2,01-05-2024,CenterStore,Pending,475.35,ORD_0091
26,09-22-2024,MarketStore,completed,662.28,ORD_0092
481,6 May 2022,,COMPLETED,370.18,ORD_0093
152,2024-03-06,NorthStore,SHIPPED,319.92,ORD_0094
40,17/03/2024,SouthStore,Completed,242.91,ORD_0095
548,24/01/2022,,Shipped,61.94,ORD_0096
406,15 March 2022,NorthStore,SHIPPED,494.88,ORD_0097
517,02-11-2022,SouthStore,Cancelled,213.28,ORD_0098
496,8 January 2023,EastStore,Shipped,416.98,ORD_0099
551,26 July 2024,WestStore,Pending,655.14,ORD_0100
123,2022-08-13,WestStore,Shipped,330.39,ORD_0101
275,07/08/2022,CityStore,Pending,739.42,ORD_0102
75,23/08/2024,PlazaStore,Shipped,158.75,ORD_0103
580,06/05/2024,CenterStore,Cancelled,364.09,ORD_0104
342,26 September 2023,CenterStore,COMPLETED,639.84,ORD_0105
341,08/11/2024,NorthStore,cancelled,172.39,ORD_0106
270,20 October 2023,,SHIPPED,311.68,ORD_0107
176,17/01/2022,,Pending,412.95,ORD_0108
81,01-19-2022,WestStore,Shipped,260.61,ORD_0109
168,2024-02-15,PlazaStore,Pending,455.19,ORD_0110
590,09-08-2022,MainStore,SHIPPED,427.44,ORD_0111
137,28 June 2023,CityStore,shipped,474.82,ORD_0112
215,11-03-2023,HarborStore,completed,752.55,ORD_0113
335,2024-03-18,PlazaStore,completed,756.04,ORD_0114
551,2023-01-24,EastStore,Shipped,666.26,ORD_0115
73,04-24-2024,MainStore,completed,52.2,ORD_0116
5,08/05/2022,MarketStore,shipped,310.62,ORD_0117
132,4 April 2023,MarketStore,completed,89.72,ORD_0118
464,01-24-2024,,cancelled,483.95,ORD_0119
550,16 July 2023,MarketStore,SHIPPED,433.17,ORD_0120
226,16 November 2022,SouthStore,SHIPPED,468.54,ORD_0121
161,2024-11-09,HarborStore,Shipped,268.09,ORD_0122
42,24/07/2022,NorthStore,SHIPPED,460.53,ORD_0123
385,2024-11-12,SouthStore,Pending,785.27,ORD_0124
33,2022-04-04,NorthStore,Shipped,578.56,ORD_0125
46,15/08/2024,NorthStore,shipped,239.0,ORD_0126
197,25 December 2024,SouthStore,shipped,712.49,ORD_0127
507,11-27-2024,SouthStore,Cancelled,514.92,ORD_0128
186,06/03/2022,,Pending,225.68,ORD_0129
133,2022-06-14,EastStore,SHIPPED,257.43,ORD_0130
536,5 October 2023,SouthStore,completed,567.36,ORD_0131
218,22/07/2023,SouthStore,completed,194.67,ORD_0132
274,12-20-2024,WestStore,SHIPPED,435.26,ORD_0133
569,04-17-2024,HarborStore,shipped,784.03,ORD_0134
138,2022-12-27,NorthStore,SHIPPED,230.43,ORD_0135
359,03/08/2023,WestStore,Cancelled,246.01,ORD_0136
468,16/12/2023,MarketStore,SHIPPED,33.85,ORD_0137
402,21/08/2022,NorthStore,Completed,572.13,ORD_0138
359,2024-05-21,MarketStore,Shipped,620.41,ORD_0139
14,24 December 2024,SouthStore,Completed,708.23,ORD_0140
241,04/05/2023,EastStore,Cancelled,379.18,ORD_0141
305,28/05/2023,SouthStore,pending,766.02,ORD_0142
581,03/03/2023,NorthStore,completed,757.29,ORD_0143
270,04-14-2023,MarketStore,shipped,373.92,ORD_0144
267,16/09/2024,MarketStore,completed,682.27,ORD_0145
150,20 January 2023,MarketStore,completed,570.74,ORD_0146
494,6 November 2024,PlazaStore,Shipped,405.78,ORD_0147
495,22 October 2023,MainStore,COMPLETED,671.5,ORD_0148
425,15/11/2022,CityStore,cancelled,365.72,ORD_0149
546,6 May 2023,NorthStore,cancelled,31.35,ORD_0150
42,07/12/2023,SouthStore,Completed,795.23,ORD_0151
132,22 November 2023,PlazaStore,pending,756.71,ORD_0152
396,11-07-2023,NorthStore,completed,399.28,ORD_0153
165,2024-06-23,NorthStore,Shipped,652.23,ORD_0154
583,4 April 2024,,cancelled,5.8,ORD_0155
534,2023-07-27,MarketStore,Cancelled,711.28,ORD_0156
67,1 November 2022,NorthStore,Pending,671.27,ORD_0157
533,20/09/2024,,Shipped,168.11,ORD_0158
342,07/12/2022,PlazaStore,Completed,324.0,ORD_0159
559,2 August 2024,MarketStore,Completed,181.86,ORD_0160
436,10-21-2023,MarketStore,Pending,65.81,ORD_0161
472,07/04/2023,EastStore,Shipped,281.22,ORD_0162
210,09-10-2023,SouthStore,SHIPPED,257.38,ORD_0163
239,15 June 2024,WestStore,pending,182.67,ORD_0164
256,03-15-2024,PlazaStore,shipped,170.15,ORD_0165
151,17/10/2022,SouthStore,Pending,616.84,ORD_0166
32,05-08-2024,CenterStore,SHIPPED,457.9,ORD_0167
50,28 October 2023,SouthStore,Completed,624.14,ORD_0168
590,01-21-2023,SouthStore,Pending,334.05,ORD_0169
518,14/09/2023,PlazaStore,Completed,113.66,ORD_0170
16,2022-12-13,MarketStore,Pending,478.21,ORD_0171
114,09-17-2023,NorthStore,Completed,143.8,ORD_0172
451,26/10/2023,CenterStore,pending,138.72,ORD_0173
288,27/05/2022,PlazaStore,Pending,692.41,ORD_0174
38,2024-01-22,HarborStore,Completed,117.92,ORD_0175
509,2022-05-08,MainStore,SHIPPED,489.32,ORD_0176
576,14 February 2024,PlazaStore,Shipped,63.67,ORD_0177
292,2024-01-20,HarborStore,COMPLETED,762.17,ORD_0178
576,16/06/2022,CenterStore,pending,128.52,ORD_0179
511,2022-08-21,NorthStore,COMPLETED,742.22,ORD_0180
205,9 March 2022,WestStore,Cancelled,203.1,ORD_0181
189,06-08-2022,CityStore,cancelled,716.2,ORD_0182
248,9 June 2024,MarketStore,Completed,71.07,ORD_0183
70,2023-02-06,EastStore,COMPLETED,123.13,ORD_0184
298,19/02/2022,CityStore,cancelled,781.85,ORD_0185
85,12/07/2022,HarborStore,Pending,690.63,ORD_0186
192,13/08/2023,SouthStore,completed,354.97,ORD_0187
50,07-05-2022,CityStore,SHIPPED,366.35,ORD_0188
226,02-06-2022,PlazaStore,pending,141.58,ORD_0189
252,10-24-2022,MarketStore,Pending,460.68,ORD_0190
296,2023-11-11,WestStore,Cancelled,224.38,ORD_0191
107,2024-06-26,CityStore,Cancelled,718.13,ORD_0192
168,7 July 2022,EastStore,Completed,511.37,ORD_0193
276,2022-05-04,NorthStore,pending,178.5,ORD_0194
267,10-21-2023,EastStore,COMPLETED,677.8,ORD_0195
120,25 September 2022,WestStore,Pending,215.77,ORD_0196
539,2022-08-07,HarborStore,Pending,405.99,ORD_0197
557,12-18-2024,HarborStore,completed,755.59,ORD_0198
522,12/10/2024,CenterStore,shipped,695.05,ORD_0199
486,11-13-2024,HarborStore,COMPLETED,379.05,ORD_0200
532,13/01/2024,CityStore,cancelled,178.78,ORD_0201
201,03/02/2022,,Shipped,50.93,ORD_0202
176,2024-11-14,PlazaStore,shipped,748.38,ORD_0203
522,02-04-2024,CenterStore,Cancelled,611.97,ORD_0204
485,01/09/2023,MainStore,COMPLETED,442.91,ORD_0205
275,06-18-2023,HarborStore,shipped,219.3,ORD_0206
185,2022-09-27,CenterStore,cancelled,18.37,ORD_0207
489,07-20-2022,CenterStore,completed,14.41,ORD_0208
239,2023-08-28,MainStore,cancelled,379.68,ORD_0209
340,09/12/2022,EastStore,Shipped,144.47,ORD_0210
443,2023-02-08,CityStore,shipped,242.11,ORD_0211
523,04/12/2024,WestStore,Pending,553.41,ORD_0212
370,12-18-2024,,SHIPPED,386.86,ORD_0213
26,02-08-2023,CenterStore,completed,212.17,ORD_0214
1,2023-06-09,WestStore,Shipped,243.41,ORD_0215
490,5 August 2023,NorthStore,completed,757.26,ORD_0216
103,2024-02-01,MarketStore,Cancelled,773.22,ORD_0217
571,2023-02-13,WestStore,cancelled,568.25,ORD_0218
335,02/05/2024,CityStore,COMPLETED,486.07,ORD_0219
122,21 July 2024,HarborStore,cancelled,526.3,ORD_0220
128,2023-07-18,EastStore,Pending,177.72,ORD_0221
161,06-07-2023,MainStore,Cancelled,768.42,ORD_0222
143,09/12/2023,MainStore,Completed,252.85,ORD_0223
376,2023-07-23,EastStore,pending,671.52,ORD_0224
11,3 January 2023,SouthStore,pending,250.91,ORD_0225
9,16/05/2023,WestStore,completed,624.28,ORD_0226
386,2 April 2022,MarketStore,COMPLETED,762.39,ORD_0227
316,2024-05-20,,Cancelled,258.26,ORD_0228
83,11-16-2022,MarketStore,COMPLETED,721.52,ORD_0229
176,17 May 2023,CenterStore,SHIPPED,39.22,ORD_0230
179,20/03/2023,CityStore,shipped,738.95,ORD_0231
13,09-13-2024,PlazaStore,pending,757.73,ORD_0232
144,01-19-2024,PlazaStore,Pending,412.38,ORD_0233
180,03-21-2022,HarborStore,Completed,593.18,ORD_0234
367,08/12/2024,,Shipped,607.45,ORD_0235
203,2022-05-28,,cancelled,61.62,ORD_0236
531,07-13-2024,,Cancelled,718.2,ORD_0237
125,2022-06-10,CenterStore,cancelled,21.98,ORD_0238
458,07-01-2023,CenterStore,COMPLETED,723.64,ORD_0239
518,01-09-2022,NorthStore,Shipped,253.26,ORD_0240
245,03-22-2024,EastStore,COMPLETED,301.45,ORD_0241
492,03-16-2024,WestStore,Pending,578.27,ORD_0242
451,11/09/2024,PlazaStore,cancelled,486.14,ORD_0243
486,2023-07-13,MainStore,Completed,556.52,ORD_0244
61,2 January 2022,WestStore,SHIPPED,97.43,ORD_0245
10,2022-06-16,NorthStore,completed,322.95,ORD_0246
578,15/12/2022,,Shipped,283.6,ORD_0247
562,07-19-2024,SouthStore,Completed,600.2,ORD_0248
548,25 August 2022,CityStore,COMPLETED,441.92,ORD_0249
289,22 March 2024,MainStore,SHIPPED,291.85,ORD_0250
407,2024-01-12,MarketStore,Completed,139.71,ORD_0251
482,04-09-2023,CityStore,pending,377.16,ORD_0252
292,21/01/2022,HarborStore,SHIPPED,463.85,ORD_0253
240,17/06/2024,PlazaStore,shipped,537.57,ORD_0254
186,07-12-2022,MarketStore,Cancelled,727.53,ORD_0255
373,21/03/2022,EastStore,pending,205.89,ORD_0256
199,2022-01-20,NorthStore,COMPLETED,225.12,ORD_0257
331,08-26-2024,HarborStore,Cancelled,658.66,ORD_0258
152,11-18-2024,NorthStore,COMPLETED,605.97,ORD_0259
243,20 September 2023,PlazaStore,completed,52.66,ORD_0260
457,18/03/2022,PlazaStore,completed,332.91,ORD_0261
579,2022-12-16,PlazaStore,pending,680.66,ORD_0262
142,2023-09-01,SouthStore,COMPLETED,693.67,ORD_0263
431,10-20-2023,MainStore,SHIPPED,158.0,ORD_0264
94,11-15-2023,CenterStore,Shipped,722.21,ORD_0265
571,7 August 2023,NorthStore,Pending,232.06,ORD_0266
471,2022-12-10,EastStore,pending,265.49,ORD_0267
591,2022-01-11,CenterStore,shipped,63.66,ORD_0268
39,21 May 2024,MarketStore,pending,587.56,ORD_0269
476,19/11/2024,HarborStore,cancelled,686.18,ORD_0270
356,2023-04-03,MarketStore,completed,790.08,ORD_0271
407,2022-04-02,EastStore,Shipped,299.48,ORD_0272
348,4 April 2024,MainStore,Completed,533.28,ORD_0273
404,19/05/2024,EastStore,Cancelled,731.0,ORD_0274
455,1 August 2023,MainStore,Shipped,59.59,ORD_0275
241,28/04/2023,CityStore,Shipped,722.31,ORD_0276
125,1 April 2023,CityStore,Shipped,780.48,ORD_0277
426,2022-12-22,SouthStore,SHIPPED,535.33,ORD_0278
564,05/06/2024,MainStore,Completed,135.42,ORD_0279
350,01-05-2022,MainStore,COMPLETED,559.34,ORD_0280
385,06-11-2022,HarborStore,completed,653.35,ORD_0281
71,4 December 2024,MarketStore,Cancelled,741.73,ORD_0282
579,2024-10-26,PlazaStore,Completed,302.26,ORD_0283
25,27 October 2024,SouthStore,pending,280.02,ORD_0284
6,23/04/2024,CityStore,cancelled,215.93,ORD_0285
103,03-22-2023,PlazaStore,cancelled,651.6,ORD_0286
580,2022-09-10,,completed,737.5,ORD_0287
132,8 December 2024,WestStore,SHIPPED,641.25,ORD_0288
25,2022-03-03,SouthStore,pending,408.83,ORD_0289
54,04-20-2023,WestStore,Pending,707.62,ORD_0290
121,09-15-2024,HarborStore,SHIPPED,16.66,ORD_0291
354,03-05-2023,NorthStore,completed,192.54,ORD_0292
346,12-28-2022,SouthStore,COMPLETED,661.39,ORD_0293
219,13/07/2024,,Completed,601.07,ORD_0294
205,10/10/2022,NorthStore,pending,339.13,ORD_0295
6,09-17-2023,MainStore,completed,385.42,ORD_0296
152,2024-08-16,NorthStore,completed,517.52,ORD_0297
380,03/10/2024,NorthStore,COMPLETED,183.56,ORD_0298
499,07-08-2024,PlazaStore,Pending,251.97,ORD_0299
236,17/04/2024,MarketStore,pending,139.0,ORD_0300
588,16/11/2022,,Cancelled,228.18,ORD_0301
50,08-04-2023,EastStore,SHIPPED,221.12,ORD_0302
585,26/09/2022,HarborStore,pending,159.42,ORD_0303
462,2022-03-08,PlazaStore,SHIPPED,545.59,ORD_0304
135,16 June 2022,CenterStore,pending,30.82,ORD_0305
100,2022-06-23,PlazaStore,pending,236.24,ORD_0306
443,12 May 2024,EastStore,Pending,662.69,ORD_0307
356,04-22-2024,NorthStore,Completed,579.13,ORD_0308
329,01-06-2023,EastStore,shipped,482.0,ORD_0309
197,05-10-2024,PlazaStore,COMPLETED,740.83,ORD_0310
306,5 May 2023,NorthStore,completed,81.54,ORD_0311
176,2023-02-16,NorthStore,Completed,573.16,ORD_0312
542,06-06-2022,CityStore,cancelled,172.12,ORD_0313
485,05-19-2022,,Completed,462.88,ORD_0314
71,12-09-2024,MainStore,completed,434.72,ORD_0315
66,01/07/2024,NorthStore,COMPLETED,70.2,ORD_0316
421,05-22-2022,CityStore,SHIPPED,144.76,ORD_0317
410,2024-06-03,NorthStore,Pending,664.13,ORD_0318
246,24/02/2022,PlazaStore,Pending,144.18,ORD_0319
128,2023-01-20,WestStore,completed,305.71,ORD_0320
562,07/01/2022,MarketStore,COMPLETED,445.99,ORD_0321
285,2023-12-23,EastStore,shipped,219.57,ORD_0322
461,09/11/2024,CityStore,shipped,753.71,ORD_0323
440,2023-06-15,PlazaStore,COMPLETED,369.34,ORD_0324
343,2023-01-05,SouthStore,Pending,666.05,ORD_0325
181,2024-07-21,PlazaStore,Cancelled,407.69,ORD_0326
181,11-16-2023,MainStore,Pending,690.19,ORD_0327
164,11-03-2023,EastStore,COMPLETED,257.37,ORD_0328
448,21/02/2022,NorthStore,shipped,610.72,ORD_0329
35,2024-01-19,HarborStore,Completed,355.86,ORD_0330
81,07-02-2024,MainStore,Pending,352.37,ORD_0331
161,09-11-2024,WestStore,SHIPPED,233.8,ORD_0332
327,27 October 2024,HarborStore,Cancelled,367.13,ORD_0333
19,2023-02-16,HarborStore,pending,450.91,ORD_0334
445,23/02/2024,PlazaStore,Completed,591.26,ORD_0335
335,18 March 2022,NorthStore,shipped,710.76,ORD_0336
290,22 March 2024,CenterStore,cancelled,560.32,ORD_0337
487,2024-10-09,SouthStore,cancelled,649.91,ORD_0338
296,2022-10-16,WestStore,Completed,204.3,ORD_0339
286,24 July 2022,MainStore,pending,232.53,ORD_0340
599,05/05/2023,PlazaStore,cancelled,261.6,ORD_0341
163,02-15-2022,MainStore,SHIPPED,603.07,ORD_0342
590,02/08/2022,NorthStore,Shipped,416.39,ORD_0343
556,12/08/2024,PlazaStore,COMPLETED,203.49,ORD_0344
517,2024-10-15,PlazaStore,SHIPPED,441.24,ORD_0345
381,12 September 2022,,Cancelled,632.35,ORD_0346
437,24/03/2022,WestStore,COMPLETED,751.31,ORD_0347
469,27 December 2022,MainStore,COMPLETED,434.41,ORD_0348
80,26 December 2024,WestStore,Cancelled,694.71,ORD_0349
422,2022-09-20,EastStore,pending,296.57,ORD_0350
478,09-05-2022,MarketStore,COMPLETED,59.95,ORD_0351
77,20 September 2024,PlazaStore,Shipped,79.98,ORD_0352
423,13 March 2024,WestStore,Shipped,703.12,ORD_0353
28,2022-06-26,NorthStore,shipped,34.63,ORD_0354
284,07-05-2024,SouthStore,pending,437.16,ORD_0355
467,10 October 2023,MainStore,shipped,729.19,ORD_0356
463,07-17-2024,CityStore,Shipped,741.71,ORD_0357
6,12 July 2023,PlazaStore,completed,728.37,ORD_0358
253,2023-06-05,EastStore,Shipped,717.36,ORD_0359
255,07-19-2022,MarketStore,Pending,515.56,ORD_0360
27,16/07/2024,MainStore,COMPLETED,241.38,ORD_0361
117,22 April 2022,,Cancelled,275.39,ORD_0362
388,02-13-2024,,COMPLETED,128.23,ORD_0363
181,2024-09-20,MainStore,completed,407.99,ORD_0364
64,18/02/2023,WestStore,completed,260.43,ORD_0365
415,2024-01-14,MainStore,Pending,473.02,ORD_0366
340,2022-01-06,CenterStore,cancelled,475.0,ORD_0367
419,09/09/2024,,Shipped,411.95,ORD_0368
559,2022-04-27,MarketStore,Cancelled,668.95,ORD_0369
104,12-17-2024,NorthStore,pending,146.2,ORD_0370
419,10-23-2024,NorthStore,completed,297.15,ORD_0371
395,2023-01-11,CityStore,Pending,512.9,ORD_0372
68,16 May 2023,MainStore,completed,423.51,ORD_0373
562,14 July 2022,SouthStore,cancelled,605.67,ORD_0374
202,21/05/2023,MainStore,Shipped,51.84,ORD_0375
326,08-16-2022,MainStore,SHIPPED,742.32,ORD_0376
597,2 March 2023,CenterStore,Cancelled,67.36,ORD_0377
327,22 May 2024,CenterStore,COMPLETED,255.14,ORD_0378
380,02-13-2022,MarketStore,completed,333.52,ORD_0379
8,02-15-2024,SouthStore,completed,725.63,ORD_0380
75,23 January 2022,CityStore,pending,467.31,ORD_0381
364,05/10/2022,CityStore,completed,605.27,ORD_0382
294,13/10/2024,NorthStore,completed,211.84,ORD_0383
428,27/04/2023,NorthStore,Cancelled,486.4,ORD_0384
491,2022-05-14,MarketStore,SHIPPED,739.89,ORD_0385
89,2023-12-12,HarborStore,cancelled,152.13,ORD_0386
438,04/08/2022,CenterStore,pending,580.29,ORD_0387
487,2023-02-06,WestStore,Cancelled,53.01,ORD_0388
431,01-14-2023,HarborStore,shipped,188.37,ORD_0389
560,02-22-2022,EastStore,pending,452.83,ORD_0390
542,12-07-2022,CityStore,Shipped,432.26,ORD_0391
307,05-19-2024,CenterStore,COMPLETED,627.88,ORD_0392
326,01-16-2024,,Shipped,156.74,ORD_0393
339,01-07-2023,MarketStore,pending,436.52,ORD_0394
298,22 August 2023,PlazaStore,Pending,766.02,ORD_0395
373,1 August 2023,SouthStore,Shipped,564.62,ORD_0396
384,4 May 2024,,SHIPPED,771.1,ORD_0397
502,2024-10-06,CityStore,Pending,91.18,ORD_0398
276,2023-06-13,SouthStore,Pending,442.63,ORD_0399
544,06-14-2022,HarborStore,Shipped,333.29,ORD_0400
355,2023-08-16,WestStore,SHIPPED,30.78,ORD_0401
319,12-19-2022,PlazaStore,COMPLETED,747.29,ORD_0402
266,20/11/2024,WestStore,cancelled,585.53,ORD_0403
368,2022-09-20,MarketStore,Cancelled,659.53,ORD_0404
582,11 April 2022,MarketStore,Shipped,352.91,ORD_0405
172,23/03/2024,PlazaStore,Completed,446.74,ORD_0406
560,11/04/2022,WestStore,completed,87.22,ORD_0407
488,26 December 2024,,Completed,240.03,ORD_0408
247,13 May 2022,EastStore,Completed,734.06,ORD_0409
269,01/07/2023,SouthStore,shipped,306.68,ORD_0410
383,10 December 2024,MainStore,shipped,189.22,ORD_0411
512,07-22-2024,EastStore,Pending,661.43,ORD_0412
519,14/05/2023,PlazaStore,SHIPPED,647.48,ORD_0413
316,28/08/2024,EastStore,Cancelled,644.17,ORD_0414
359,12 June 2023,MarketStore,pending,583.97,ORD_0415
411,18/06/2023,HarborStore,SHIPPED,186.47,ORD_0416
318,2022-01-07,,pending,502.13,ORD_0417
67,9 October 2024,MarketStore,Pending,433.34,ORD_0418
240,16/12/2022,HarborStore,pending,357.63,ORD_0419
40,22/03/2023,MainStore,SHIPPED,202.79,ORD_0420
110,21 March 2024,,completed,30.77,ORD_0421
187,18 March 2022,SouthStore,shipped,513.2,ORD_0422
450,03/06/2024,NorthStore,SHIPPED,104.19,ORD_0423
237,10-16-2024,PlazaStore,Cancelled,435.39,ORD_0424
222,07/10/2023,CenterStore,completed,236.92,ORD_0425
434,12-18-2023,MarketStore,Pending,309.69,ORD_0426
389,5 May 2022,MainStore,cancelled,154.21,ORD_0427
159,04/07/2024,HarborStore,Pending,330.43,ORD_0428
213,05-24-2024,SouthStore,SHIPPED,366.87,ORD_0429
189,02/08/2022,WestStore,completed,209.21,ORD_0430
277,10-23-2023,MarketStore,pending,460.29,ORD_0431
70,20/07/2024,PlazaStore,COMPLETED,500.07,ORD_0432
525,8 May 2022,CenterStore,Pending,517.31,ORD_0433
240,06-16-2022,HarborStore,Cancelled,625.91,ORD_0434
371,1 July 2024,MarketStore,cancelled,597.41,ORD_0435
398,6 December 2024,MainStore,Completed,488.6,ORD_0436
96,28/02/2023,HarborStore,Completed,532.17,ORD_0437
528,20 July 2023,NorthStore,Cancelled,770.44,ORD_0438
320,08/09/2022,,Shipped,733.26,ORD_0439
155,18/01/2022,PlazaStore,cancelled,213.62,ORD_0440
470,2023-03-07,WestStore,SHIPPED,633.01,ORD_0441
534,17/08/2022,SouthStore,SHIPPED,480.18,ORD_0442
402,04/05/2022,CityStore,Shipped,317.21,ORD_0443
36,24/03/2023,CenterStore,SHIPPED,754.88,ORD_0444
511,9 August 2022,NorthStore,cancelled,347.1,ORD_0445
59,17 April 2023,CenterStore,cancelled,328.15,ORD_0446
173,10-28-2022,NorthStore,shipped,646.64,ORD_0447
398,10-11-2024,SouthStore,Cancelled,799.7,ORD_0448
445,25/02/2022,MainStore,cancelled,729.93,ORD_0449
341,02-03-2022,PlazaStore,Pending,374.69,ORD_0450
553,21 June 2023,SouthStore,cancelled,397.72,ORD_0451
445,04/12/2022,MainStore,cancelled,297.1,ORD_0452
307,05-05-2022,EastStore,Completed,728.59,ORD_0453
332,18/10/2024,CityStore,Completed,515.72,ORD_0454
290,23 February 2023,CenterStore,Pending,509.61,ORD_0455
433,2023-10-27,CenterStore,shipped,230.68,ORD_0456
24,28/03/2022,NorthStore,Shipped,265.54,ORD_0457
410,2022-12-04,WestStore,shipped,231.43,ORD_0458
577,2022-03-22,EastStore,cancelled,445.89,ORD_0459
255,16 February 2024,SouthStore,pending,564.31,ORD_0460
308,19 July 2022,NorthStore,COMPLETED,356.27,ORD_0461
502,2024-12-23,NorthStore,cancelled,157.57,ORD_0462
84,11-24-2024,CityStore,pending,203.13,ORD_0463
332,01-04-2023,HarborStore,Cancelled,667.27,ORD_0464
394,2023-02-15,WestStore,shipped,462.75,ORD_0465
505,09/08/2024,NorthStore,COMPLETED,266.67,ORD_0466
130,20/06/2024,MainStore,cancelled,348.81,ORD_0467
372,26 April 2024,EastStore,SHIPPED,252.77,ORD_0468
143,02/08/2022,CenterStore,SHIPPED,276.02,ORD_0469
36,14/12/2023,WestStore,Cancelled,256.06,ORD_0470
163,03/10/2023,WestStore,pending,764.42,ORD_0471
268,11-08-2023,SouthStore,Completed,54.41,ORD_0472
239,07-14-2022,PlazaStore,pending,114.97,ORD_0473
491,23 June 2022,EastStore,cancelled,782.72,ORD_0474
447,09-28-2024,CityStore,COMPLETED,514.55,ORD_0475
529,6 June 2024,NorthStore,cancelled,547.88,ORD_0476
470,17 May 2024,PlazaStore,Pending,7.88,ORD_0477
282,02-11-2024,PlazaStore,Pending,745.66,ORD_0478
381,11-27-2024,MainStore,cancelled,758.47,ORD_0479
241,05-19-2023,WestStore,Completed,625.77,ORD_0480
375,4 August 2023,CenterStore,Cancelled,617.07,ORD_0481
291,04-04-2022,HarborStore,pending,89.74,ORD_0482
512,19 July 2024,CenterStore,SHIPPED,618.08,ORD_0483
291,15/05/2024,CityStore,Cancelled,348.26,ORD_0484
220,05-16-2024,,cancelled,579.29,ORD_0485
572,10-28-2022,MarketStore,completed,492.18,ORD_0486
358,2024-03-23,SouthStore,Shipped,736.06,ORD_0487
549,03/12/2024,MainStore,SHIPPED,709.3,ORD_0488
18,27 September 2024,MainStore,Cancelled,433.39,ORD_0489
252,12/10/2024,MarketStore,pending,719.01,ORD_0490
520,07/12/2023,CityStore,cancelled,525.58,ORD_0491
379,19 June 2023,HarborStore,Cancelled,215.81,ORD_0492
525,27 February 2023,CityStore,Shipped,611.42,ORD_0493
37,2 March 2023,SouthStore,pending,749.8,ORD_0494
593,17 February 2022,WestStore,Completed,23.9,ORD_0495
369,21 June 2022,HarborStore,cancelled,42.51,ORD_0496
181,04-22-2022,SouthStore,Pending,632.47,ORD_0497
425,2023-03-11,CenterStore,COMPLETED,31.33,ORD_0498
108,24 October 2024,CityStore,COMPLETED,291.53,ORD_0499
508,2022-03-27,MainStore,shipped,579.52,ORD_0500
26,20/02/2022,EastStore,SHIPPED,176.67,ORD_0501
129,26 December 2024,MainStore,SHIPPED,245.36,ORD_0502
129,26 July 2022,MarketStore,COMPLETED,17.13,ORD_0503
129,2022-05-17,WestStore,shipped,6.86,ORD_0504
315,24 June 2022,MarketStore,COMPLETED,604.71,ORD_0505
109,2022-12-09,MarketStore,SHIPPED,661.47,ORD_0506
115,2023-10-01,CenterStore,Cancelled,313.85,ORD_0507
276,03-02-2024,NorthStore,shipped,664.77,ORD_0508
54,15 May 2024,PlazaStore,Completed,283.83,ORD_0509
494,10-05-2024,WestStore,Pending,253.79,ORD_0510
170,08/07/2022,WestStore,shipped,674.01,ORD_0511
73,2024-10-22,EastStore,pending,716.94,ORD_0512
82,2023-05-12,EastStore,SHIPPED,445.02,ORD_0513
356,15/10/2023,MainStore,Completed,360.2,ORD_0514
492,2022-05-28,PlazaStore,Shipped,732.09,ORD_0515
433,01-26-2022,CenterStore,shipped,328.93,ORD_0516
554,17/12/2024,SouthStore,pending,271.78,ORD_0517
210,2024-11-09,PlazaStore,Completed,48.98,ORD_0518
307,23/12/2023,SouthStore,Cancelled,651.22,ORD_0519
419,10-15-2022,PlazaStore,pending,719.91,ORD_0520
444,07-22-2022,EastStore,Pending,374.57,ORD_0521
117,28 May 2024,MainStore,Pending,292.9,ORD_0522
589,03/09/2024,CenterStore,pending,133.88,ORD_0523
598,2024-08-18,SouthStore,cancelled,533.94,ORD_0524
38,05/02/2022,HarborStore,cancelled,744.52,ORD_0525
1,2024-12-11,PlazaStore,cancelled,620.24,ORD_0526
303,05-04-2023,WestStore,COMPLETED,774.73,ORD_0527
107,10-06-2024,EastStore,Shipped,202.47,ORD_0528
107,01-06-2022,CenterStore,cancelled,386.69,ORD_0529
570,04-14-2023,NorthStore,shipped,274.68,ORD_0530
263,06-10-2023,CenterStore,Shipped,360.24,ORD_0531
43,27 March 2023,CenterStore,SHIPPED,424.67,ORD_0532
89,10/07/2022,CityStore,Pending,309.11,ORD_0533
584,05-02-2024,CenterStore,Shipped,699.94,ORD_0534
438,10-09-2022,MainStore,COMPLETED,496.31,ORD_0535
505,16 December 2023,CenterStore,SHIPPED,598.1,ORD_0536
186,01-19-2024,PlazaStore,Cancelled,469.87,ORD_0537
100,2023-04-04,SouthStore,COMPLETED,510.54,ORD_0538
389,9 January 2024,,Cancelled,141.73,ORD_0539
520,07-20-2022,EastStore,Cancelled,308.68,ORD_0540
184,15 August 2024,WestStore,Shipped,715.87,ORD_0541
563,19 October 2022,MarketStore,Shipped,41.78,ORD_0542
54,12-09-2023,,shipped,470.6,ORD_0543
268,24/02/2022,MarketStore,completed,13.03,ORD_0544
363,2024-03-02,PlazaStore,Cancelled,622.4,ORD_0545
312,11 April 2024,PlazaStore,COMPLETED,43.85,ORD_0546
490,14 March 2023,PlazaStore,COMPLETED,547.57,ORD_0547
397,10/05/2022,NorthStore,Shipped,671.49,ORD_0548
43,09-22-2024,SouthStore,Cancelled,570.85,ORD_0549
107,25 September 2022,MarketStore,Completed,425.54,ORD_0550
58,28 May 2023,PlazaStore,shipped,53.27,ORD_0551
313,14/01/2023,MainStore,COMPLETED,256.9,ORD_0552
378,16 September 2022,CenterStore,shipped,175.47,ORD_0553
464,2022-12-28,CityStore,cancelled,355.55,ORD_0554
84,19 December 2022,NorthStore,Pending,797.08,ORD_0555
398,13/06/2023,SouthStore,Completed,58.14,ORD_0556
132,2 November 2023,PlazaStore,SHIPPED,123.29,ORD_0557
163,08-14-2022,WestStore,cancelled,377.92,ORD_0558
107,01/05/2023,HarborStore,completed,308.22,ORD_0559
457,19/10/2023,WestStore,shipped,451.88,ORD_0560
450,05-25-2023,CityStore,completed,320.14,ORD_0561
312,2024-07-01,WestStore,Shipped,28.89,ORD_0562
465,2022-06-12,NorthStore,pending,304.14,ORD_0563
86,28 May 2023,NorthStore,completed,704.66,ORD_0564
185,28 June 2022,HarborStore,pending,725.01,ORD_0565
479,27/02/2024,SouthStore,COMPLETED,153.52,ORD_0566
447,2024-01-16,EastStore,COMPLETED,463.59,ORD_0567
355,28/01/2024,SouthStore,Shipped,205.95,ORD_0568
50,6 April 2023,CityStore,Completed,718.02,ORD_0569
63,12 January 2023,PlazaStore,SHIPPED,533.07,ORD_0570
334,10-19-2024,PlazaStore,shipped,692.16,ORD_0571
257,2 April 2022,EastStore,COMPLETED,169.94,ORD_0572
172,20/02/2022,MainStore,cancelled,519.88,ORD_0573
39,2024-09-22,WestStore,cancelled,592.78,ORD_0574
45,20/02/2022,,pending,397.51,ORD_0575
545,01/06/2023,,completed,796.36,ORD_0576
457,26/03/2022,NorthStore,pending,297.91,ORD_0577
375,12 October 2022,SouthStore,cancelled,29.87,ORD_0578
397,06/04/2022,CenterStore,Pending,232.01,ORD_0579
114,17 February 2024,MarketStore,SHIPPED,115.47,ORD_0580
239,18/09/2023,MarketStore,Completed,581.31,ORD_0581
479,24 February 2024,HarborStore,completed,355.58,ORD_0582
169,2023-12-08,HarborStore,completed,174.39,ORD_0583
399,17 July 2023,MainStore,pending,592.49,ORD_0584
583,10 May 2023,PlazaStore,Cancelled,206.09,ORD_0585
20,01-27-2022,EastStore,Pending,202.99,ORD_0586
516,2022-06-04,NorthStore,Pending,391.16,ORD_0587
318,01/08/2023,CenterStore,COMPLETED,705.96,ORD_0588
54,12-13-2023,CityStore,Cancelled,133.77,ORD_0589
541,8 June 2023,WestStore,SHIPPED,63.23,ORD_0590
372,04-11-2024,MarketStore,completed,313.51,ORD_0591
92,3 January 2023,CenterStore,Pending,540.34,ORD_0592
358,20/01/2023,CityStore,Pending,411.69,ORD_0593
190,23 October 2023,,Completed,69.74,ORD_0594
98,28/08/2022,NorthStore,COMPLETED,281.83,ORD_0595
275,2024-10-15,,Shipped,69.74,ORD_0596
346,12-26-2022,EastStore,SHIPPED,72.15,ORD_0597
254,19 December 2023,MarketStore,SHIPPED,265.13,ORD_0598
579,10/10/2024,CityStore,COMPLETED,721.85,ORD_0599
595,2023-11-25,MainStore,Completed,441.01,ORD_0600
599,20 March 2024,SouthStore,completed,753.31,ORD_0601
77,19 February 2023,HarborStore,SHIPPED,784.34,ORD_0602
293,10-22-2022,MarketStore,pending,39.51,ORD_0603
553,08/06/2024,MainStore,SHIPPED,52.62,ORD_0604
148,08/10/2024,SouthStore,cancelled,248.34,ORD_0605
126,01-24-2023,NorthStore,completed,566.51,ORD_0606
19,02-12-2022,MainStore,Completed,177.26,ORD_0607
272,2023-10-13,MarketStore,completed,452.36,ORD_0608
206,12-04-2022,MarketStore,COMPLETED,747.01,ORD_0609
471,04-12-2023,NorthStore,Completed,64.0,ORD_0610
586,25/07/2022,MarketStore,Cancelled,227.73,ORD_0611
390,11 December 2023,EastStore,cancelled,204.47,ORD_0612
278,17/11/2023,PlazaStore,Shipped,572.94,ORD_0613
134,02-23-2024,MarketStore,cancelled,464.78,ORD_0614
353,2023-07-08,NorthStore,Cancelled,772.47,ORD_0615
564,8 May 2023,PlazaStore,SHIPPED,221.89,ORD_0616
71,7 June 2022,WestStore,Shipped,225.47,ORD_0617
530,2022-08-02,NorthStore,Cancelled,728.09,ORD_0618
239,05-28-2022,PlazaStore,pending,108.55,ORD_0619
341,11-12-2024,EastStore,pending,355.97,ORD_0620
73,2024-03-17,EastStore,Completed,480.29,ORD_0621
536,27 February 2023,CityStore,completed,736.78,ORD_0622
237,2 October 2024,SouthStore,shipped,630.24,ORD_0623
302,2022-01-06,,COMPLETED,87.38,ORD_0624
577,2022-04-17,HarborStore,cancelled,723.81,ORD_0625
46,11/11/2022,CenterStore,Cancelled,704.57,ORD_0626
84,12-03-2022,NorthStore,Shipped,722.57,ORD_0627
454,2022-09-11,CityStore,cancelled,95.42,ORD_0628
522,21 October 2023,EastStore,COMPLETED,304.17,ORD_0629
32,7 December 2022,PlazaStore,pending,330.7,ORD_0630
377,2022-07-22,PlazaStore,Shipped,671.52,ORD_0631
140,03-27-2024,WestStore,cancelled,86.09,ORD_0632
486,25 April 2023,,cancelled,779.49,ORD_0633
431,06-28-2024,HarborStore,COMPLETED,511.99,ORD_0634
396,12 January 2024,SouthStore,pending,58.33,ORD_0635
412,27 July 2022,CityStore,Cancelled,376.42,ORD_0636
5,02-13-2024,CenterStore,Pending,213.93,ORD_0637
557,05-09-2024,CenterStore,cancelled,335.5,ORD_0638
535,10-11-2022,MarketStore,Cancelled,155.52,ORD_0639
592,05-02-2023,MainStore,cancelled,679.09,ORD_0640
577,15/04/2022,MarketStore,Shipped,420.08,ORD_0641
588,2024-01-14,MarketStore,Pending,284.26,ORD_0642
1,27/07/2023,MarketStore,completed,664.86,ORD_0643
483,07-01-2024,,completed,555.47,ORD_0644
504,2024-07-09,MarketStore,Completed,104.9,ORD_0645
381,09-14-2024,EastStore,shipped,78.96,ORD_0646
167,2022-07-05,CityStore,COMPLETED,96.39,ORD_0647
177,10-24-2024,EastStore,completed,62.35,ORD_0648
345,16/11/2023,PlazaStore,Shipped,690.71,ORD_0649
488,25/08/2024,EastStore,Completed,437.4,ORD_0650
301,12/11/2023,NorthStore,cancelled,630.61,ORD_0651
510,11-12-2024,PlazaStore,COMPLETED,213.09,ORD_0652
231,14 June 2024,PlazaStore,completed,446.01,ORD_0653
500,2023-08-23,NorthStore,pending,482.36,ORD_0654
87,14 June 2023,MainStore,Completed,615.97,ORD_0655
82,2022-03-04,MainStore,COMPLETED,632.97,ORD_0656
569,06-04-2023,NorthStore,Cancelled,725.15,ORD_0657
150,16 September 2023,PlazaStore,Completed,759.29,ORD_0658
327,16/01/2022,WestStore,pending,484.94,ORD_0659
113,08-18-2022,WestStore,Pending,52.09,ORD_0660
70,16/01/2023,MarketStore,pending,242.97,ORD_0661
540,13/12/2022,NorthStore,Pending,726.86,ORD_0662
564,01-19-2023,PlazaStore,completed,604.52,ORD_0663
560,2024-05-26,,Cancelled,485.32,ORD_0664
331,12/04/2023,CityStore,completed,654.91,ORD_0665
512,06-13-2022,WestStore,Shipped,448.52,ORD_0666
279,09/05/2023,CityStore,Cancelled,715.68,ORD_0667
150,20/01/2023,CenterStore,shipped,41.13,ORD_0668
581,05/10/2024,CenterStore,Pending,61.81,ORD_0669
425,2024-11-05,SouthStore,SHIPPED,391.56,ORD_0670
177,12-11-2022,,Shipped,451.93,ORD_0671
532,7 March 2022,EastStore,shipped,280.39,ORD_0672
130,25 February 2023,CenterStore,SHIPPED,120.0,ORD_0673
155,2022-09-03,MainStore,Completed,492.62,ORD_0674
430,2023-03-20,MarketStore,Cancelled,379.84,ORD_0675
74,2024-08-01,PlazaStore,pending,667.18,ORD_0676
83,09-24-2023,EastStore,pending,62.29,ORD_0677
570,2023-01-15,WestStore,pending,189.5,ORD_0678
275,12/01/2024,,pending,368.68,ORD_0679
80,2024-05-15,SouthStore,Completed,598.72,ORD_0680
436,08/10/2022,SouthStore,Shipped,759.0,ORD_0681
217,05-12-2022,MainStore,SHIPPED,38.48,ORD_0682
19,01/03/2023,CityStore,cancelled,722.51,ORD_0683
417,2022-05-03,,shipped,552.65,ORD_0684
250,07-28-2023,,pending,685.78,ORD_0685
222,03/05/2023,HarborStore,pending,545.32,ORD_0686
368,12 November 2023,NorthStore,Shipped,596.12,ORD_0687
372,17/10/2023,MainStore,shipped,289.68,ORD_0688
272,23/01/2024,MainStore,cancelled,221.89,ORD_0689
286,06-21-2022,SouthStore,shipped,531.61,ORD_0690
144,05-17-2024,MarketStore,SHIPPED,339.51,ORD_0691
364,07-26-2024,PlazaStore,SHIPPED,272.02,ORD_0692
596,23 July 2024,PlazaStore,shipped,258.79,ORD_0693
199,2023-07-22,PlazaStore,Pending,268.24,ORD_0694
116,28/03/2022,MarketStore,SHIPPED,43.82,ORD_0695
194,2024-01-28,WestStore,Completed,484.53,ORD_0696
493,04-17-2022,NorthStore,Shipped,238.4,ORD_0697
201,17/04/2023,,completed,482.67,ORD_0698
423,19/10/2023,EastStore,Shipped,138.32,ORD_0699
118,10/12/2022,NorthStore,Shipped,119.82,ORD_0700
134,01/02/2023,CenterStore,pending,250.78,ORD_0701
565,07-19-2022,HarborStore,Pending,17.73,ORD_0702
274,2 September 2023,CityStore,shipped,522.46,ORD_0703
272,13/09/2023,CityStore,shipped,581.09,ORD_0704
201,09-12-2022,NorthStore,COMPLETED,218.55,ORD_0705
39,05/02/2024,SouthStore,Shipped,610.55,ORD_0706
551,07/01/2023,CenterStore,COMPLETED,635.56,ORD_0707
127,2023-08-04,EastStore,pending,110.6,ORD_0708
1,2024-06-26,NorthStore,cancelled,74.92,ORD_0709
428,12 August 2023,PlazaStore,Cancelled,755.3,ORD_0710
517,2022-07-08,SouthStore,SHIPPED,674.62,ORD_0711
4,17/07/2022,WestStore,Completed,772.91,ORD_0712
547,05-12-2023,CityStore,completed,247.74,ORD_0713
45,8 April 2024,HarborStore,completed,639.46,ORD_0714
456,8 August 2024,MainStore,COMPLETED,672.28,ORD_0715
91,16/10/2023,MainStore,SHIPPED,302.59,ORD_0716
147,27/09/2023,CityStore,COMPLETED,353.95,ORD_0717
517,07/09/2022,MarketStore,completed,264.27,ORD_0718
148,01/01/2023,MarketStore,Shipped,714.52,ORD_0719
347,19/06/2022,CenterStore,pending,240.81,ORD_0720
577,10-16-2022,,shipped,716.88,ORD_0721
334,2023-06-13,WestStore,COMPLETED,293.77,ORD_0722
464,17 November 2022,NorthStore,Cancelled,771.08,ORD_0723
293,24/08/2024,HarborStore,shipped,651.92,ORD_0724
384,2022-03-21,,SHIPPED,31.14,ORD_0725
589,2023-01-01,CenterStore,pending,392.05,ORD_0726
316,22 June 2022,HarborStore,Shipped,317.12,ORD_0727
564,1 January 2024,PlazaStore,Shipped,550.86,ORD_0728
354,2024-10-07,MarketStore,COMPLETED,581.68,ORD_0729
281,9 January 2023,,COMPLETED,202.98,ORD_0730
144,13 April 2023,NorthStore,Completed,274.49,ORD_0731
419,2022-01-25,PlazaStore,Shipped,746.97,ORD_0732
211,2024-02-01,CityStore,Completed,567.57,ORD_0733
76,27/07/2023,,Shipped,42.57,ORD_0734
23,08-15-2022,HarborStore,Pending,784.46,ORD_0735
147,2022-09-13,MainStore,pending,96.29,ORD_0736
80,09-04-2023,,Completed,199.97,ORD_0737
280,23/07/2023,EastStore,Completed,714.17,ORD_0738
202,15 February 2022,,completed,183.35,ORD_0739
422,27 March 2023,CenterStore,Cancelled,92.7,ORD_0740
155,06-17-2023,SouthStore,COMPLETED,513.02,ORD_0741
66,06/10/2023,NorthStore,cancelled,762.93,ORD_0742
600,01-22-2023,MainStore,Pending,664.87,ORD_0743
398,01/07/2024,MarketStore,Shipped,387.61,ORD_0744
386,12-09-2023,MainStore,shipped,12.05,ORD_0745
199,2022-04-04,SouthStore,Shipped,651.13,ORD_0746
358,23 August 2022,CenterStore,pending,46.24,ORD_0747
465,02-05-2024,PlazaStore,cancelled,485.33,ORD_0748
556,10-28-2024,PlazaStore,Cancelled,539.15,ORD_0749
115,2022-12-01,HarborStore,pending,193.93,ORD_0750
213,07-28-2024,CityStore,completed,795.57,ORD_0751
257,16/05/2022,MarketStore,Completed,86.33,ORD_0752
338,11 August 2024,NorthStore,pending,179.37,ORD_0753
160,2024-08-16,MainStore,COMPLETED,264.75,ORD_0754
295,23/06/2022,WestStore,shipped,291.47,ORD_0755
548,2024-10-15,MarketStore,SHIPPED,121.56,ORD_0756
508,07-15-2023,CenterStore,Shipped,134.55,ORD_0757
480,6 July 2024,MainStore,Completed,111.15,ORD_0758
195,04-11-2024,CityStore,SHIPPED,148.39,ORD_0759
61,24 July 2023,MainStore,COMPLETED,524.46,ORD_0760
252,05-11-2024,WestStore,SHIPPED,337.95,ORD_0761
326,05-01-2023,CityStore,Shipped,664.56,ORD_0762
60,01-16-2024,PlazaStore,completed,233.0,ORD_0763
144,2024-06-01,SouthStore,COMPLETED,471.78,ORD_0764
109,12-01-2022,EastStore,cancelled,386.67,ORD_0765
404,2022-11-01,EastStore,completed,736.54,ORD_0766
115,22 June 2022,HarborStore,COMPLETED,471.59,ORD_0767
463,03-04-2023,HarborStore,completed,445.39,ORD_0768
530,02-27-2024,PlazaStore,SHIPPED,199.2,ORD_0769
73,19/11/2024,EastStore,completed,181.77,ORD_0770
562,2023-10-03,PlazaStore,shipped,146.83,ORD_0771
97,3 January 2023,CityStore,pending,477.44,ORD_0772
589,07-24-2023,SouthStore,Pending,626.24,ORD_0773
71,10-01-2023,MainStore,Shipped,265.7,ORD_0774
50,17/11/2024,SouthStore,SHIPPED,322.42,ORD_0775
244,12-27-2023,CenterStore,completed,257.25,ORD_0776
447,2023-06-13,EastStore,Shipped,46.71,ORD_0777
146,17 April 2024,,pending,310.99,ORD_0778
260,7 May 2024,MarketStore,Pending,35.87,ORD_0779
451,2022-11-13,NorthStore,completed,162.41,ORD_0780
452,14/10/2024,HarborStore,Completed,294.33,ORD_0781
29,06-20-2022,,Cancelled,651.07,ORD_0782
215,07/02/2022,NorthStore,Shipped,616.85,ORD_0783
241,2024-06-18,HarborStore,Pending,285.57,ORD_0784
418,07-19-2024,CityStore,cancelled,757.78,ORD_0785
404,2024-09-10,MarketStore,SHIPPED,664.39,ORD_0786
37,11-15-2022,PlazaStore,shipped,355.78,ORD_0787
43,28/02/2023,,SHIPPED,450.89,ORD_0788
94,2023-05-02,,Shipped,278.24,ORD_0789
334,21 December 2023,EastStore,Pending,423.63,ORD_0790
432,12-01-2022,SouthStore,Cancelled,384.0,ORD_0791
269,02-04-2023,CityStore,completed,28.04,ORD_0792
263,2023-01-25,MainStore,Pending,146.91,ORD_0793
385,11-01-2023,NorthStore,pending,172.75,ORD_0794
294,08-01-2023,CenterStore,pending,355.02,ORD_0795
8,05/12/2024,NorthStore,SHIPPED,515.99,ORD_0796
546,11-14-2022,CenterStore,completed,778.54,ORD_0797
516,11 March 2024,SouthStore,Pending,507.72,ORD_0798
130,08-24-2022,CenterStore,shipped,760.32,ORD_0799
446,05-22-2023,MainStore,SHIPPED,258.58,ORD_0800
233,18/11/2024,MainStore,Cancelled,645.08,ORD_0801
152,12-12-2022,MainStore,Shipped,32.72,ORD_0802
241,23 December 2022,EastStore,SHIPPED,201.07,ORD_0803
214,18 October 2022,SouthStore,shipped,470.78,ORD_0804
110,12-24-2023,MarketStore,shipped,477.52,ORD_0805
67,10-16-2022,EastStore,COMPLETED,617.98,ORD_0806
274,19/01/2022,SouthStore,completed,709.51,ORD_0807
551,11/01/2023,,SHIPPED,695.67,ORD_0808
569,6 June 2022,EastStore,cancelled,480.16,ORD_0809
159,2022-04-20,MainStore,Shipped,662.15,ORD_0810
474,17 December 2023,MarketStore,completed,296.07,ORD_0811
220,10-26-2024,WestStore,completed,306.09,ORD_0812
524,2023-05-17,MainStore,COMPLETED,467.26,ORD_0813
280,27/07/2024,,shipped,280.61,ORD_0814
554,08-09-2023,CityStore,completed,550.53,ORD_0815
67,2023-09-15,SouthStore,completed,94.23,ORD_0816
140,01-11-2023,HarborStore,Cancelled,20.64,ORD_0817
227,08-12-2024,MarketStore,cancelled,30.74,ORD_0818
193,2023-12-21,CityStore,cancelled,354.47,ORD_0819
147,11-08-2024,CityStore,completed,393.9,ORD_0820
558,24 April 2022,EastStore,Pending,263.75,ORD_0821
136,2022-11-20,CityStore,SHIPPED,37.68,ORD_0822
75,19/07/2024,HarborStore,SHIPPED,43.54,ORD_0823
315,10-14-2024,,SHIPPED,256.8,ORD_0824
269,7 December 2022,SouthStore,Shipped,764.04,ORD_0825
566,14 March 2024,CityStore,shipped,320.24,ORD_0826
52,08/11/2024,CenterStore,completed,796.57,ORD_0827
86,2024-09-10,CenterStore,cancelled,349.78,ORD_0828
199,15 February 2024,MainStore,COMPLETED,40.05,ORD_0829
457,10-10-2023,HarborStore,Completed,265.88,ORD_0830
397,17/04/2024,MarketStore,COMPLETED,696.89,ORD_0831
168,27 July 2022,PlazaStore,Cancelled,115.22,ORD_0832
224,4 November 2024,PlazaStore,SHIPPED,129.21,ORD_0833
438,27/09/2024,MainStore,Cancelled,125.31,ORD_0834
64,20 November 2024,MarketStore,completed,614.9,ORD_0835
295,22 June 2024,EastStore,Pending,331.94,ORD_0836
54,2023-07-05,SouthStore,completed,748.48,ORD_0837
38,2023-06-22,MainStore,Pending,211.86,ORD_0838
113,18 September 2024,EastStore,Completed,202.05,ORD_0839
242,21 July 2023,CityStore,pending,344.26,ORD_0840
150,24 September 2024,,pending,623.96,ORD_0841
216,03-09-2024,WestStore,SHIPPED,733.25,ORD_0842
11,04/01/2024,MainStore,Shipped,495.73,ORD_0843
448,21/04/2024,EastStore,pending,758.22,ORD_0844
19,14/01/2024,CenterStore,SHIPPED,170.76,ORD_0845
517,20/02/2022,NorthStore,COMPLETED,790.67,ORD_0846
522,26 October 2024,PlazaStore,Pending,360.44,ORD_0847
33,19/02/2023,CityStore,pending,102.15,ORD_0848
290,07-18-2023,CityStore,Completed,237.33,ORD_0849
149,09-24-2024,WestStore,COMPLETED,239.87,ORD_0850
587,28/11/2022,MarketStore,completed,477.52,ORD_0851
491,12-27-2022,MainStore,Completed,658.01,ORD_0852
235,6 February 2022,MarketStore,Cancelled,306.55,ORD_0853
272,07-17-2023,SouthStore,SHIPPED,344.76,ORD_0854
11,15/01/2023,WestStore,Cancelled,672.87,ORD_0855
390,2022-10-21,CenterStore,SHIPPED,250.8,ORD_0856
307,04/12/2022,NorthStore,Shipped,151.69,ORD_0857
560,06-14-2024,CenterStore,shipped,293.53,ORD_0858
33,06/01/2023,SouthStore,Shipped,562.15,ORD_0859
527,2024-08-21,MainStore,pending,410.74,ORD_0860
134,2022-02-28,EastStore,Completed,663.27,ORD_0861
233,09/07/2024,HarborStore,Pending,61.96,ORD_0862
577,05/09/2024,WestStore,cancelled,278.6,ORD_0863
52,04/08/2024,NorthStore,Shipped,394.76,ORD_0864
541,2024-02-05,MarketStore,COMPLETED,38.47,ORD_0865
189,2023-03-10,MainStore,cancelled,671.5,ORD_0866
248,02-15-2023,HarborStore,Pending,12.99,ORD_0867
318,11-06-2024,WestStore,cancelled,503.45,ORD_0868
76,03-20-2023,,Shipped,453.96,ORD_0869
242,14 January 2023,,Shipped,164.66,ORD_0870
564,14/04/2024,PlazaStore,shipped,325.33,ORD_0871
170,07-25-2023,WestStore,pending,705.63,ORD_0872
178,27/09/2024,MarketStore,completed,464.06,ORD_0873
128,10 October 2022,NorthStore,COMPLETED,347.71,ORD_0874
40,01-08-2022,MainStore,completed,639.2,ORD_0875
289,23 December 2023,MainStore,SHIPPED,203.5,ORD_0876
530,08-24-2024,EastStore,completed,286.18,ORD_0877
176,08-12-2023,CenterStore,pending,417.76,ORD_0878
128,2023-12-22,SouthStore,completed,176.74,ORD_0879
467,04-28-2023,HarborStore,shipped,744.06,ORD_0880
524,28 January 2024,,completed,165.64,ORD_0881
119,28/03/2024,NorthStore,SHIPPED,248.9,ORD_0882
214,2023-05-20,EastStore,COMPLETED,673.72,ORD_0883
559,2023-07-19,NorthStore,Cancelled,484.05,ORD_0884
90,22/06/2023,NorthStore,Cancelled,168.95,ORD_0885
566,22 October 2023,,Completed,453.51,ORD_0886
363,7 July 2022,NorthStore,COMPLETED,369.99,ORD_0887
303,10 July 2023,CenterStore,Completed,570.37,ORD_0888
436,12-20-2022,CityStore,Shipped,735.13,ORD_0889
343,25/09/2022,SouthStore,Pending,252.08,ORD_0890
531,14/05/2024,EastStore,Shipped,170.72,ORD_0891
299,18/10/2024,MarketStore,cancelled,615.28,ORD_0892
47,16/12/2024,MainStore,pending,59.65,ORD_0893
404,2023-12-02,MainStore,SHIPPED,362.41,ORD_0894
566,02-23-2024,SouthStore,SHIPPED,644.79,ORD_0895
435,2024-09-01,PlazaStore,Cancelled,540.42,ORD_0896
272,6 November 2023,EastStore,Completed,300.71,ORD_0897
439,22 January 2023,WestStore,pending,529.05,ORD_0898
126,11-24-2024,,Pending,208.22,ORD_0899
456,03/12/2023,NorthStore,completed,110.58,ORD_0900
49,2022-12-07,EastStore,Cancelled,592.68,ORD_0901
34,2024-12-19,EastStore,shipped,110.27,ORD_0902
166,2024-07-15,CenterStore,Shipped,8.75,ORD_0903
586,03-28-2022,CenterStore,pending,398.35,ORD_0904
260,06/02/2023,EastStore,Cancelled,437.92,ORD_0905
244,18/10/2023,HarborStore,Completed,444.91,ORD_0906
264,10-20-2023,MarketStore,Cancelled,490.57,ORD_0907
347,11-02-2024,WestStore,completed,499.29,ORD_0908
18,04/04/2024,SouthStore,COMPLETED,210.91,ORD_0909
220,07/12/2024,EastStore,SHIPPED,58.71,ORD_0910
153,06-24-2024,CityStore,cancelled,18.97,ORD_0911
559,15/07/2022,MainStore,Completed,415.66,ORD_0912
403,17/12/2022,PlazaStore,COMPLETED,789.05,ORD_0913
252,6 May 2022,,SHIPPED,529.61,ORD_0914
572,2023-11-12,CenterStore,cancelled,350.72,ORD_0915
421,11-15-2024,MainStore,pending,30.34,ORD_0916
150,2022-10-06,CenterStore,COMPLETED,66.66,ORD_0917
185,2023-11-23,SouthStore,shipped,137.74,ORD_0918
329,25/11/2024,CenterStore,Completed,468.71,ORD_0919
23,11 August 2022,MarketStore,Completed,170.15,ORD_0920
405,18/10/2023,EastStore,COMPLETED,285.51,ORD_0921
554,2023-07-11,EastStore,Completed,472.91,ORD_0922
178,21 December 2024,,shipped,371.12,ORD_0923
242,2023-05-24,PlazaStore,pending,219.77,ORD_0924
243,12-11-2022,SouthStore,completed,544.56,ORD_0925
90,10/03/2024,NorthStore,SHIPPED,156.11,ORD_0926
422,2024-06-26,EastStore,shipped,780.06,ORD_0927
27,28/05/2022,MainStore,completed,511.35,ORD_0928
50,2023-10-06,MainStore,SHIPPED,345.04,ORD_0929
532,10-23-2022,CityStore,Shipped,162.33,ORD_0930
371,27/12/2022,HarborStore,pending,746.3,ORD_0931
208,27 October 2024,CenterStore,completed,419.22,ORD_0932
136,2023-10-06,WestStore,cancelled,759.88,ORD_0933
300,9 May 2023,,SHIPPED,605.25,ORD_0934
336,09-04-2024,WestStore,pending,713.14,ORD_0935
530,18 September 2024,NorthStore,Shipped,116.08,ORD_0936
512,2022-08-03,EastStore,completed,576.43,ORD_0937
496,12-16-2024,MarketStore,Cancelled,39.24,ORD_0938
130,08-17-2024,PlazaStore,Cancelled,513.12,ORD_0939
245,2022-02-28,,pending,440.54,ORD_0940
295,9 November 2023,EastStore,Pending,784.56,ORD_0941
373,08-23-2022,PlazaStore,Cancelled,599.53,ORD_0942
566,2022-07-17,WestStore,completed,693.91,ORD_0943
403,2024-03-17,PlazaStore,completed,216.51,ORD_0944
573,20/11/2022,EastStore,Shipped,687.41,ORD_0945
64,2022-03-24,MainStore,Cancelled,592.22,ORD_0946
31,09-23-2024,MarketStore,shipped,319.39,ORD_0947
280,2022-11-21,SouthStore,SHIPPED,744.72,ORD_0948
254,2022-11-20,SouthStore,shipped,557.41,ORD_0949
290,11/12/2022,CenterStore,Shipped,132.13,ORD_0950
328,2022-01-01,,Cancelled,641.67,ORD_0951
53,04-18-2023,NorthStore,COMPLETED,692.23,ORD_0952
259,13 October 2022,EastStore,COMPLETED,50.2,ORD_0953
450,2023-01-22,,shipped,372.32,ORD_0954
95,06-19-2023,MarketStore,Shipped,762.87,ORD_0955
261,8 August 2022,WestStore,cancelled,701.78,ORD_0956
548,11-06-2023,CenterStore,completed,328.49,ORD_0957
375,2023-04-15,MainStore,COMPLETED,172.4,ORD_0958
39,2023-05-20,NorthStore,Cancelled,429.34,ORD_0959
239,10-26-2022,PlazaStore,Pending,441.4,ORD_0960
324,17/02/2024,MainStore,Shipped,176.72,ORD_0961
279,24 November 2022,NorthStore,Cancelled,65.81,ORD_0962
168,09-24-2024,SouthStore,COMPLETED,487.95,ORD_0963
120,13 July 2022,PlazaStore,Cancelled,124.7,ORD_0964
63,08-06-2024,WestStore,Pending,722.65,ORD_0965
369,02-24-2023,NorthStore,cancelled,358.52,ORD_0966
464,23/03/2024,CityStore,Shipped,708.67,ORD_0967
152,03-12-2022,EastStore,Completed,426.67,ORD_0968
474,8 January 2024,CityStore,Shipped,641.78,ORD_0969
89,03-02-2023,WestStore,completed,608.6,ORD_0970
557,03-21-2024,NorthStore,SHIPPED,772.28,ORD_0971
380,01-22-2024,EastStore,Completed,311.52,ORD_0972
94,1 December 2023,MarketStore,COMPLETED,790.31,ORD_0973
84,04-10-2022,,Shipped,570.8,ORD_0974
120,19 December 2023,CenterStore,Pending,763.27,ORD_0975
389,23/12/2024,PlazaStore,COMPLETED,174.31,ORD_0976
56,15/09/2022,HarborStore,pending,288.49,ORD_0977
434,21 October 2023,MarketStore,cancelled,253.56,ORD_0978
364,14 January 2024,MarketStore,shipped,164.76,ORD_0979
110,2022-04-12,HarborStore,shipped,323.76,ORD_0980
188,12-24-2023,EastStore,cancelled,95.24,ORD_0981
392,2022-06-11,,pending,57.7,ORD_0982
7,06-07-2024,WestStore,shipped,765.39,ORD_0983
453,15 April 2023,EastStore,Shipped,673.79,ORD_0984
273,16 July 2024,MainStore,pending,316.41,ORD_0985
291,2024-02-16,MarketStore,COMPLETED,777.7,ORD_0986
184,2023-03-01,,cancelled,185.98,ORD_0987
38,5 May 2023,SouthStore,shipped,616.14,ORD_0988
292,19/11/2024,PlazaStore,Shipped,46.46,ORD_0989
474,03-10-2023,PlazaStore,Shipped,66.54,ORD_0990
321,15 November 2023,SouthStore,pending,738.68,ORD_0991
237,2022-04-26,WestStore,Completed,225.03,ORD_0992
147,2023-12-26,CityStore,Pending,779.55,ORD_0993
524,09-05-2022,MainStore,SHIPPED,265.61,ORD_0994
264,1 June 2024,NorthStore,Shipped,99.06,ORD_0995
523,26/04/2024,MainStore,Cancelled,665.16,ORD_0996
99,27/06/2022,HarborStore,SHIPPED,602.77,ORD_0997
306,2022-01-04,,Shipped,747.89,ORD_0998
551,2024-04-16,PlazaStore,Shipped,275.81,ORD_0999
388,18/06/2023,MainStore,completed,398.02,ORD_1000
307,04-01-2024,SouthStore,Completed,371.79,ORD_1001
396,07-14-2022,CenterStore,SHIPPED,282.2,ORD_1002
304,20/02/2022,SouthStore,COMPLETED,524.09,ORD_1003
10,10-16-2023,MainStore,cancelled,216.36,ORD_1004
581,2022-04-16,NorthStore,cancelled,486.98,ORD_1005
484,13/03/2024,HarborStore,pending,271.06,ORD_1006
19,28 March 2023,NorthStore,Completed,364.95,ORD_1007
432,2023-08-15,NorthStore,completed,708.38,ORD_1008
229,25 February 2023,HarborStore,pending,592.82,ORD_1009
453,2022-04-26,,Completed,19.75,ORD_1010
160,2023-06-03,SouthStore,shipped,122.65,ORD_1011
218,05/02/2024,EastStore,completed,499.89,ORD_1012
325,11 August 2023,WestStore,cancelled,71.19,ORD_1013
29,23/12/2024,SouthStore,Pending,134.55,ORD_1014
305,23/03/2024,MainStore,Cancelled,223.07,ORD_1015
418,16 January 2022,PlazaStore,Shipped,223.97,ORD_1016
378,14 July 2022,NorthStore,Completed,662.29,ORD_1017
502,20 March 2022,NorthStore,Shipped,244.61,ORD_1018
324,07/09/2022,,Shipped,616.87,ORD_1019
302,14 July 2024,SouthStore,cancelled,743.75,ORD_1020
491,2024-02-06,NorthStore,Completed,520.26,ORD_1021
510,2022-03-06,NorthStore,Pending,599.47,ORD_1022
11,05-05-2022,MarketStore,SHIPPED,524.31,ORD_1023
217,10-16-2023,EastStore,Shipped,663.6,ORD_1024
588,2024-07-02,HarborStore,Shipped,689.64,ORD_1025
420,2022-05-25,WestStore,SHIPPED,483.36,ORD_1026
83,26 August 2023,MainStore,Shipped,44.27,ORD_1027
561,01-19-2022,HarborStore,Pending,357.56,ORD_1028
502,2023-05-28,,Completed,785.35,ORD_1029
198,15/07/2024,PlazaStore,shipped,797.96,ORD_1030
281,08-16-2022,MarketStore,Shipped,563.89,ORD_1031
401,23 January 2024,WestStore,shipped,767.79,ORD_1032
443,9 May 2023,EastStore,pending,410.4,ORD_1033
448,2024-09-16,SouthStore,Completed,789.11,ORD_1034
156,8 March 2022,WestStore,Completed,476.61,ORD_1035
172,12-18-2023,CityStore,Shipped,770.88,ORD_1036
414,2024-06-07,CenterStore,cancelled,29.74,ORD_1037
258,28 April 2022,WestStore,Cancelled,331.66,ORD_1038
67,09-21-2022,MainStore,pending,396.02,ORD_1039
236,23/03/2024,SouthStore,Completed,185.06,ORD_1040
266,12-20-2024,MarketStore,Pending,378.84,ORD_1041
441,23/02/2024,MainStore,SHIPPED,56.82,ORD_1042
15,4 January 2024,PlazaStore,cancelled,36.82,ORD_1043
310,12-16-2024,MainStore,shipped,682.1,ORD_1044
335,2024-01-20,HarborStore,completed,776.59,ORD_1045
158,2024-06-15,NorthStore,Shipped,539.81,ORD_1046
469,2023-06-07,CenterStore,completed,415.19,ORD_1047
346,2022-09-24,WestStore,Cancelled,194.18,ORD_1048
141,2022-10-21,MainStore,pending,256.11,ORD_1049
255,2023-03-02,,COMPLETED,634.98,ORD_1050
122,04-23-2022,CenterStore,COMPLETED,766.24,ORD_1051
118,09/11/2023,,Shipped,606.16,ORD_1052
519,02-13-2022,,pending,427.78,ORD_1053
339,12-15-2024,EastStore,cancelled,62.02,ORD_1054
42,5 September 2022,MainStore,shipped,297.85,ORD_1055
193,10-21-2024,CityStore,completed,702.67,ORD_1056
59,09-18-2022,PlazaStore,Cancelled,528.54,ORD_1057
369,15 January 2024,CenterStore,Completed,172.08,ORD_1058
590,04/08/2023,NorthStore,Completed,223.54,ORD_1059
176,27/09/2024,PlazaStore,shipped,713.43,ORD_1060
299,02/03/2022,NorthStore,cancelled,523.19,ORD_1061
143,09-13-2023,WestStore,Pending,665.16,ORD_1062
276,2023-08-07,EastStore,COMPLETED,438.25,ORD_1063
13,05-04-2023,MainStore,COMPLETED,208.55,ORD_1064
392,08/06/2024,CenterStore,Shipped,76.72,ORD_1065
480,23 April 2024,MainStore,pending,403.41,ORD_1066
193,2024-03-28,MainStore,completed,690.32,ORD_1067
374,02-12-2023,SouthStore,COMPLETED,65.22,ORD_1068
479,2024-11-10,NorthStore,Pending,686.39,ORD_1069
598,6 February 2024,EastStore,shipped,104.28,ORD_1070
586,04-22-2022,CenterStore,shipped,293.28,ORD_1071
287,25/06/2024,MarketStore,SHIPPED,459.3,ORD_1072
554,05-23-2023,MarketStore,shipped,409.24,ORD_1073
158,19 November 2023,MarketStore,Shipped,482.97,ORD_1074
301,03-16-2022,HarborStore,Cancelled,68.32,ORD_1075
25,02-09-2023,CenterStore,shipped,504.82,ORD_1076
591,01/09/2022,SouthStore,COMPLETED,108.08,ORD_1077
167,18 May 2024,CityStore,Cancelled,182.71,ORD_1078
513,6 July 2022,MarketStore,cancelled,550.46,ORD_1079
423,04-21-2023,CenterStore,pending,21.5,ORD_1080
56,01-10-2023,EastStore,Shipped,444.31,ORD_1081
123,05-13-2024,CenterStore,cancelled,27.69,ORD_1082
516,11-18-2024,MarketStore,Pending,352.41,ORD_1083
129,2024-09-21,HarborStore,pending,425.2,ORD_1084
234,05-18-2023,PlazaStore,shipped,110.95,ORD_1085
402,23 August 2023,HarborStore,COMPLETED,235.04,ORD_1086
473,12/02/2024,HarborStore,Shipped,484.35,ORD_1087
536,27 April 2023,CenterStore,cancelled,617.5,ORD_1088
437,24/03/2022,HarborStore,pending,43.12,ORD_1089
371,24 January 2022,HarborStore,COMPLETED,523.45,ORD_1090
463,08/06/2023,MainStore,Cancelled,339.5,ORD_1091
417,2023-06-15,PlazaStore,completed,84.17,ORD_1092
542,2023-07-28,CityStore,completed,228.5,ORD_1093
234,8 October 2023,WestStore,SHIPPED,414.0,ORD_1094
426,17 April 2023,HarborStore,Cancelled,486.58,ORD_1095
119,02-26-2023,NorthStore,cancelled,250.94,ORD_1096
128,2024-02-25,CenterStore,COMPLETED,136.45,ORD_1097
379,2023-08-14,MarketStore,SHIPPED,258.58,ORD_1098
273,06-13-2023,CenterStore,completed,264.23,ORD_1099
315,2024-12-21,PlazaStore,SHIPPED,95.2,ORD_1100
174,2024-06-22,HarborStore,Completed,134.85,ORD_1101
524,2023-06-04,WestStore,Cancelled,744.82,ORD_1102
172,7 February 2023,MarketStore,Pending,597.53,ORD_1103
289,2022-08-12,SouthStore,pending,669.06,ORD_1104
503,2022-10-18,NorthStore,SHIPPED,757.25,ORD_1105
290,2024-02-16,NorthStore,Shipped,457.6,ORD_1106
397,28/04/2024,NorthStore,Shipped,97.39,ORD_1107
195,2023-10-12,EastStore,Completed,39.03,ORD_1108
486,11/10/2023,MainStore,Completed,422.12,ORD_1109
78,01-28-2024,SouthStore,Pending,626.34,ORD_1110
557,08/01/2022,EastStore,Cancelled,125.38,ORD_1111
284,2023-02-05,MainStore,completed,713.06,ORD_1112
493,2 September 2022,MainStore,Completed,146.06,ORD_1113
145,28 March 2022,WestStore,pending,128.64,ORD_1114
378,2022-02-15,NorthStore,shipped,481.7,ORD_1115
423,09-17-2023,WestStore,shipped,21.94,ORD_1116
395,03-03-2022,CityStore,pending,386.28,ORD_1117
504,2022-08-06,WestStore,pending,214.91,ORD_1118
173,02-02-2023,SouthStore,COMPLETED,30.06,ORD_1119
598,17 November 2023,WestStore,completed,461.41,ORD_1120
561,05-03-2023,EastStore,shipped,398.76,ORD_1121
404,07/09/2022,CityStore,Shipped,512.46,ORD_1122
415,2022-10-14,MarketStore,Cancelled,231.27,ORD_1123
357,2022-07-27,CenterStore,Pending,494.11,ORD_1124
332,04/03/2022,MainStore,SHIPPED,340.23,ORD_1125
62,2 August 2023,SouthStore,Pending,109.76,ORD_1126
294,24 October 2024,WestStore,Shipped,691.3,ORD_1127
84,12-15-2023,CityStore,SHIPPED,637.18,ORD_1128
209,09/04/2024,NorthStore,completed,115.52,ORD_1129
330,2022-02-02,NorthStore,cancelled,122.66,ORD_1130
243,04/10/2022,EastStore,COMPLETED,749.96,ORD_1131
70,2022-04-07,HarborStore,completed,115.79,ORD_1132
196,14/04/2022,EastStore,completed,106.16,ORD_1133
421,2024-07-19,PlazaStore,COMPLETED,74.18,ORD_1134
367,2022-11-25,MainStore,COMPLETED,555.65,ORD_1135
84,23/05/2024,PlazaStore,shipped,282.9,ORD_1136
357,12-21-2022,MainStore,COMPLETED,578.87,ORD_1137
312,03/12/2024,PlazaStore,Pending,259.2,ORD_1138
139,03-04-2024,HarborStore,shipped,171.96,ORD_1139
63,2024-08-06,EastStore,completed,651.75,ORD_1140
336,03/08/2022,WestStore,completed,351.8,ORD_1141
498,04/07/2022,,pending,292.89,ORD_1142
527,24 March 2022,MarketStore,SHIPPED,255.43,ORD_1143
79,2022-12-21,PlazaStore,Completed,766.89,ORD_1144
574,20/06/2024,EastStore,COMPLETED,374.07,ORD_1145
281,2023-11-23,CenterStore,cancelled,686.79,ORD_1146
509,2024-07-27,SouthStore,shipped,448.02,ORD_1147
555,25 November 2023,PlazaStore,Cancelled,117.88,ORD_1148
339,3 September 2024,,Shipped,550.84,ORD_1149
184,2024-12-18,,Completed,797.12,ORD_1150
359,09-18-2023,CenterStore,Completed,174.87,ORD_1151
147,13/01/2023,MarketStore,pending,793.91,ORD_1152
106,05-23-2022,WestStore,pending,88.9,ORD_1153
170,11/05/2022,PlazaStore,Cancelled,492.43,ORD_1154
579,28 July 2022,,Completed,759.1,ORD_1155
76,12-11-2024,HarborStore,pending,240.01,ORD_1156
341,06-05-2022,MarketStore,Shipped,311.38,ORD_1157
76,2024-02-23,,Completed,292.02,ORD_1158
378,23/12/2022,MarketStore,completed,252.87,ORD_1159
491,02-21-2024,MainStore,COMPLETED,496.94,ORD_1160
251,12/09/2024,MarketStore,completed,166.73,ORD_1161
217,09/06/2022,NorthStore,Cancelled,463.66,ORD_1162
292,2024-08-11,WestStore,Cancelled,234.31,ORD_1163
324,2 September 2022,NorthStore,Completed,574.21,ORD_1164
492,07-03-2022,MainStore,cancelled,486.25,ORD_1165
465,2023-06-21,SouthStore,shipped,622.8,ORD_1166
544,2023-09-05,CityStore,completed,115.74,ORD_1167
377,2022-12-16,NorthStore,Cancelled,503.38,ORD_1168
422,07-09-2023,MarketStore,Pending,580.22,ORD_1169
470,2023-01-04,SouthStore,SHIPPED,197.0,ORD_1170
311,2024-05-07,CityStore,COMPLETED,472.97,ORD_1171
455,2022-03-19,WestStore,cancelled,51.53,ORD_1172
108,02-13-2024,MainStore,pending,339.82,ORD_1173
256,15/07/2022,CityStore,Completed,218.17,ORD_1174
348,07-06-2024,SouthStore,Completed,176.43,ORD_1175
431,02-27-2022,CenterStore,SHIPPED,481.9,ORD_1176
232,08-25-2023,EastStore,shipped,524.17,ORD_1177
537,2022-07-11,MainStore,shipped,465.84,ORD_1178
449,21/02/2022,CenterStore,Cancelled,744.92,ORD_1179
85,11-18-2023,SouthStore,completed,90.76,ORD_1180
311,18 January 2022,PlazaStore,SHIPPED,668.1,ORD_1181
426,06/10/2022,CenterStore,pending,264.64,ORD_1182
537,07-14-2023,CityStore,completed,41.74,ORD_1183
433,14 May 2024,HarborStore,Cancelled,216.24,ORD_1184
174,12-09-2024,CenterStore,pending,524.74,ORD_1185
565,10 May 2024,SouthStore,cancelled,306.59,ORD_1186
344,10 September 2023,HarborStore,COMPLETED,167.68,ORD_1187
280,27/02/2022,MarketStore,cancelled,106.55,ORD_1188
523,18 December 2024,SouthStore,pending,407.65,ORD_1189
372,2023-12-12,,cancelled,277.77,ORD_1190
300,2022-06-16,NorthStore,Cancelled,553.21,ORD_1191
63,06-05-2023,SouthStore,COMPLETED,41.81,ORD_1192
421,21/09/2024,HarborStore,cancelled,182.65,ORD_1193
498,11 January 2023,SouthStore,shipped,517.33,ORD_1194
451,07-13-2024,CenterStore,Shipped,487.77,ORD_1195
246,2024-10-14,NorthStore,Cancelled,62.06,ORD_1196
536,22 June 2023,WestStore,shipped,677.24,ORD_1197
512,09-21-2023,MarketStore,Pending,147.56,ORD_1198
144,2022-06-07,HarborStore,pending,230.26,ORD_1199
7,26 March 2023,WestStore,completed,676.0,ORD_1200
